{
    "operations": [
        {
            "name": "v0",
            "position": [
                0,
                0.8,
                0.9
            ]
        },
        {
            "name": "v1",
            "position": [
                1,
                0.2,
                0.7
            ]
        },
        {
            "name": "v2",
            "position": [
                0.8,
                0,
                0.1
            ]
        },
        {
            "name": "v3",
            "position": [
                0.3,
                1,
                0.9
            ]
        },
        {
            "name": "v4",
            "position": [
                0.0,
                0.4,
                0
            ]
        },
        {
            "name": "v5",
            "position": [
                0.1,
                0.1,
                1
            ]
        },
        {
            "name": "v6",
            "position": [
                1.0,
                1,
                0.4
            ]
        },
        {
            "name": "v7",
            "position": [
                1,
                0.2,
                0.6
            ]
        },
        {
            "name": "v8",
            "position": [
                0.3,
                0.4,
                1
            ]
        },
        {
            "name": "v9",
            "position": [
                0.5,
                0.8,
                1
            ]
        },
        {
            "name": "v10",
            "position": [
                0.1,
                1,
                0.6
            ]
        },
        {
            "name": "v11",
            "position": [
                0.1,
                0.2,
                0.3
            ]
        },
        {
            "name": "v12",
            "position": [
                0.7,
                0.3,
                0.7
            ]
        },
        {
            "name": "v13",
            "position": [
                0.2,
                0.2,
                0.1
            ]
        },
        {
            "name": "v14",
            "position": [
                0.7,
                0.8,
                0.3
            ]
        },
        {
            "name": "v15",
            "position": [
                0.3,
                0.1,
                0.6
            ]
        },
        {
            "name": "v16",
            "position": [
                0,
                0.8,
                0.9
            ]
        },
        {
            "name": "v17",
            "position": [
                -1,
                0.2,
                0.7
            ]
        },
        {
            "name": "v18",
            "position": [
                -0.8,
                0,
                0.1
            ]
        },
        {
            "name": "v19",
            "position": [
                -0.3,
                1,
                0.9
            ]
        },
        {
            "name": "v20",
            "position": [
                -0.0,
                0.4,
                0
            ]
        },
        {
            "name": "v21",
            "position": [
                -0.1,
                0.1,
                1
            ]
        },
        {
            "name": "v22",
            "position": [
                -1.0,
                1,
                0.4
            ]
        },
        {
            "name": "v23",
            "position": [
                -1,
                0.2,
                0.6
            ]
        },
        {
            "name": "v24",
            "position": [
                -0.3,
                0.4,
                1
            ]
        },
        {
            "name": "v25",
            "position": [
                -0.5,
                0.8,
                1
            ]
        },
        {
            "name": "v26",
            "position": [
                -0.1,
                1,
                0.6
            ]
        },
        {
            "name": "v27",
            "position": [
                -0.1,
                0.2,
                0.3
            ]
        },
        {
            "name": "v28",
            "position": [
                -0.7,
                0.3,
                0.7
            ]
        },
        {
            "name": "v29",
            "position": [
                -0.2,
                0.2,
                0.1
            ]
        },
        {
            "name": "v30",
            "position": [
                -0.7,
                0.8,
                0.3
            ]
        },
        {
            "name": "v31",
            "position": [
                -0.3,
                0.1,
                0.6
            ]
        },
        {
            "name": "v32",
            "position": [
                0,
                -0.8,
                0.9
            ]
        },
        {
            "name": "v33",
            "position": [
                1,
                -0.2,
                0.7
            ]
        },
        {
            "name": "v34",
            "position": [
                0.8,
                0,
                0.1
            ]
        },
        {
            "name": "v35",
            "position": [
                0.3,
                -1,
                0.9
            ]
        },
        {
            "name": "v36",
            "position": [
                0.0,
                -0.4,
                0
            ]
        },
        {
            "name": "v37",
            "position": [
                0.1,
                -0.1,
                1
            ]
        },
        {
            "name": "v38",
            "position": [
                1.0,
                -1,
                0.4
            ]
        },
        {
            "name": "v39",
            "position": [
                1,
                -0.2,
                0.6
            ]
        },
        {
            "name": "v40",
            "position": [
                0.3,
                -0.4,
                1
            ]
        },
        {
            "name": "v41",
            "position": [
                0.5,
                -0.8,
                1
            ]
        },
        {
            "name": "v42",
            "position": [
                0.1,
                -1,
                0.6
            ]
        },
        {
            "name": "v43",
            "position": [
                0.1,
                -0.2,
                0.3
            ]
        },
        {
            "name": "v44",
            "position": [
                0.7,
                -0.3,
                0.7
            ]
        },
        {
            "name": "v45",
            "position": [
                0.2,
                -0.2,
                0.1
            ]
        },
        {
            "name": "v46",
            "position": [
                0.7,
                -0.8,
                0.3
            ]
        },
        {
            "name": "v47",
            "position": [
                0.3,
                -0.1,
                0.6
            ]
        },
        {
            "name": "v48",
            "position": [
                0,
                -0.8,
                0.9
            ]
        },
        {
            "name": "v49",
            "position": [
                -1,
                -0.2,
                0.7
            ]
        },
        {
            "name": "v50",
            "position": [
                -0.8,
                0,
                0.1
            ]
        },
        {
            "name": "v51",
            "position": [
                -0.3,
                -1,
                0.9
            ]
        },
        {
            "name": "v52",
            "position": [
                -0.0,
                -0.4,
                0
            ]
        },
        {
            "name": "v53",
            "position": [
                -0.1,
                -0.1,
                1
            ]
        },
        {
            "name": "v54",
            "position": [
                -1.0,
                -1,
                0.4
            ]
        },
        {
            "name": "v55",
            "position": [
                -1,
                -0.2,
                0.6
            ]
        },
        {
            "name": "v56",
            "position": [
                -0.3,
                -0.4,
                1
            ]
        },
        {
            "name": "v57",
            "position": [
                -0.5,
                -0.8,
                1
            ]
        },
        {
            "name": "v58",
            "position": [
                -0.1,
                -1,
                0.6
            ]
        },
        {
            "name": "v59",
            "position": [
                -0.1,
                -0.2,
                0.3
            ]
        },
        {
            "name": "v60",
            "position": [
                -0.7,
                -0.3,
                0.7
            ]
        },
        {
            "name": "v61",
            "position": [
                -0.2,
                -0.2,
                0.1
            ]
        },
        {
            "name": "v62",
            "position": [
                -0.7,
                -0.8,
                0.3
            ]
        },
        {
            "name": "v63",
            "position": [
                -0.3,
                -0.1,
                0.6
            ]
        },
        {
            "name": "v64",
            "position": [
                0,
                0.8,
                -0.9
            ]
        },
        {
            "name": "v65",
            "position": [
                1,
                0.2,
                -0.7
            ]
        },
        {
            "name": "v66",
            "position": [
                0.8,
                0,
                -0.1
            ]
        },
        {
            "name": "v67",
            "position": [
                0.3,
                1,
                -0.9
            ]
        },
        {
            "name": "v68",
            "position": [
                0.0,
                0.4,
                0
            ]
        },
        {
            "name": "v69",
            "position": [
                0.1,
                0.1,
                -1
            ]
        },
        {
            "name": "v70",
            "position": [
                1.0,
                1,
                -0.4
            ]
        },
        {
            "name": "v71",
            "position": [
                1,
                0.2,
                -0.6
            ]
        },
        {
            "name": "v72",
            "position": [
                0.3,
                0.4,
                -1
            ]
        },
        {
            "name": "v73",
            "position": [
                0.5,
                0.8,
                -1
            ]
        },
        {
            "name": "v74",
            "position": [
                0.1,
                1,
                -0.6
            ]
        },
        {
            "name": "v75",
            "position": [
                0.1,
                0.2,
                -0.3
            ]
        },
        {
            "name": "v76",
            "position": [
                0.7,
                0.3,
                -0.7
            ]
        },
        {
            "name": "v77",
            "position": [
                0.2,
                0.2,
                -0.1
            ]
        },
        {
            "name": "v78",
            "position": [
                0.7,
                0.8,
                -0.3
            ]
        },
        {
            "name": "v79",
            "position": [
                0.3,
                0.1,
                -0.6
            ]
        },
        {
            "name": "v80",
            "position": [
                0,
                0.8,
                -0.9
            ]
        },
        {
            "name": "v81",
            "position": [
                -1,
                0.2,
                -0.7
            ]
        },
        {
            "name": "v82",
            "position": [
                -0.8,
                0,
                -0.1
            ]
        },
        {
            "name": "v83",
            "position": [
                -0.3,
                1,
                -0.9
            ]
        },
        {
            "name": "v84",
            "position": [
                -0.0,
                0.4,
                0
            ]
        },
        {
            "name": "v85",
            "position": [
                -0.1,
                0.1,
                -1
            ]
        },
        {
            "name": "v86",
            "position": [
                -1.0,
                1,
                -0.4
            ]
        },
        {
            "name": "v87",
            "position": [
                -1,
                0.2,
                -0.6
            ]
        },
        {
            "name": "v88",
            "position": [
                -0.3,
                0.4,
                -1
            ]
        },
        {
            "name": "v89",
            "position": [
                -0.5,
                0.8,
                -1
            ]
        },
        {
            "name": "v90",
            "position": [
                -0.1,
                1,
                -0.6
            ]
        },
        {
            "name": "v91",
            "position": [
                -0.1,
                0.2,
                -0.3
            ]
        },
        {
            "name": "v92",
            "position": [
                -0.7,
                0.3,
                -0.7
            ]
        },
        {
            "name": "v93",
            "position": [
                -0.2,
                0.2,
                -0.1
            ]
        },
        {
            "name": "v94",
            "position": [
                -0.7,
                0.8,
                -0.3
            ]
        },
        {
            "name": "v95",
            "position": [
                -0.3,
                0.1,
                -0.6
            ]
        },
        {
            "name": "v96",
            "position": [
                0,
                -0.8,
                -0.9
            ]
        },
        {
            "name": "v97",
            "position": [
                1,
                -0.2,
                -0.7
            ]
        },
        {
            "name": "v98",
            "position": [
                0.8,
                0,
                -0.1
            ]
        },
        {
            "name": "v99",
            "position": [
                0.3,
                -1,
                -0.9
            ]
        },
        {
            "name": "v100",
            "position": [
                0.0,
                -0.4,
                0
            ]
        },
        {
            "name": "v101",
            "position": [
                0.1,
                -0.1,
                -1
            ]
        },
        {
            "name": "v102",
            "position": [
                1.0,
                -1,
                -0.4
            ]
        },
        {
            "name": "v103",
            "position": [
                1,
                -0.2,
                -0.6
            ]
        },
        {
            "name": "v104",
            "position": [
                0.3,
                -0.4,
                -1
            ]
        },
        {
            "name": "v105",
            "position": [
                0.5,
                -0.8,
                -1
            ]
        },
        {
            "name": "v106",
            "position": [
                0.1,
                -1,
                -0.6
            ]
        },
        {
            "name": "v107",
            "position": [
                0.1,
                -0.2,
                -0.3
            ]
        },
        {
            "name": "v108",
            "position": [
                0.7,
                -0.3,
                -0.7
            ]
        },
        {
            "name": "v109",
            "position": [
                0.2,
                -0.2,
                -0.1
            ]
        },
        {
            "name": "v110",
            "position": [
                0.7,
                -0.8,
                -0.3
            ]
        },
        {
            "name": "v111",
            "position": [
                0.3,
                -0.1,
                -0.6
            ]
        },
        {
            "name": "v112",
            "position": [
                0,
                -0.8,
                -0.9
            ]
        },
        {
            "name": "v113",
            "position": [
                -1,
                -0.2,
                -0.7
            ]
        },
        {
            "name": "v114",
            "position": [
                -0.8,
                0,
                -0.1
            ]
        },
        {
            "name": "v115",
            "position": [
                -0.3,
                -1,
                -0.9
            ]
        },
        {
            "name": "v116",
            "position": [
                -0.0,
                -0.4,
                0
            ]
        },
        {
            "name": "v117",
            "position": [
                -0.1,
                -0.1,
                -1
            ]
        },
        {
            "name": "v118",
            "position": [
                -1.0,
                -1,
                -0.4
            ]
        },
        {
            "name": "v119",
            "position": [
                -1,
                -0.2,
                -0.6
            ]
        },
        {
            "name": "v120",
            "position": [
                -0.3,
                -0.4,
                -1
            ]
        },
        {
            "name": "v121",
            "position": [
                -0.5,
                -0.8,
                -1
            ]
        },
        {
            "name": "v122",
            "position": [
                -0.1,
                -1,
                -0.6
            ]
        },
        {
            "name": "v123",
            "position": [
                -0.1,
                -0.2,
                -0.3
            ]
        },
        {
            "name": "v124",
            "position": [
                -0.7,
                -0.3,
                -0.7
            ]
        },
        {
            "name": "v125",
            "position": [
                -0.2,
                -0.2,
                -0.1
            ]
        },
        {
            "name": "v126",
            "position": [
                -0.7,
                -0.8,
                -0.3
            ]
        },
        {
            "name": "v127",
            "position": [
                -0.3,
                -0.1,
                -0.6
            ]
        },
        {
            "name": "e0",
            "smooth": false,
            "vertices": [
                "v0",
                "v2"
            ]
        },
        {
            "name": "e1",
            "smooth": false,
            "vertices": [
                "v0",
                "v14"
            ]
        },
        {
            "name": "e2",
            "smooth": false,
            "vertices": [
                "v0",
                "v15"
            ]
        },
        {
            "name": "e3",
            "smooth": false,
            "vertices": [
                "v1",
                "v2"
            ]
        },
        {
            "name": "e4",
            "smooth": false,
            "vertices": [
                "v1",
                "v4"
            ]
        },
        {
            "name": "e5",
            "smooth": false,
            "vertices": [
                "v1",
                "v5"
            ]
        },
        {
            "name": "e6",
            "smooth": false,
            "vertices": [
                "v1",
                "v7"
            ]
        },
        {
            "name": "e7",
            "smooth": false,
            "vertices": [
                "v1",
                "v8"
            ]
        },
        {
            "name": "e8",
            "smooth": false,
            "vertices": [
                "v1",
                "v9"
            ]
        },
        {
            "name": "e9",
            "smooth": false,
            "vertices": [
                "v1",
                "v11"
            ]
        },
        {
            "name": "e10",
            "smooth": false,
            "vertices": [
                "v2",
                "v8"
            ]
        },
        {
            "name": "e11",
            "smooth": false,
            "vertices": [
                "v2",
                "v9"
            ]
        },
        {
            "name": "e12",
            "smooth": false,
            "vertices": [
                "v2",
                "v12"
            ]
        },
        {
            "name": "e13",
            "smooth": false,
            "vertices": [
                "v2",
                "v13"
            ]
        },
        {
            "name": "e14",
            "smooth": false,
            "vertices": [
                "v3",
                "v7"
            ]
        },
        {
            "name": "e15",
            "smooth": false,
            "vertices": [
                "v3",
                "v11"
            ]
        },
        {
            "name": "e16",
            "smooth": false,
            "vertices": [
                "v3",
                "v14"
            ]
        },
        {
            "name": "e17",
            "smooth": false,
            "vertices": [
                "v4",
                "v5"
            ]
        },
        {
            "name": "e18",
            "smooth": false,
            "vertices": [
                "v4",
                "v6"
            ]
        },
        {
            "name": "e19",
            "smooth": false,
            "vertices": [
                "v4",
                "v10"
            ]
        },
        {
            "name": "e20",
            "smooth": false,
            "vertices": [
                "v4",
                "v11"
            ]
        },
        {
            "name": "e21",
            "smooth": false,
            "vertices": [
                "v4",
                "v12"
            ]
        },
        {
            "name": "e22",
            "smooth": false,
            "vertices": [
                "v4",
                "v13"
            ]
        },
        {
            "name": "e23",
            "smooth": false,
            "vertices": [
                "v5",
                "v8"
            ]
        },
        {
            "name": "e24",
            "smooth": false,
            "vertices": [
                "v6",
                "v10"
            ]
        },
        {
            "name": "e25",
            "smooth": false,
            "vertices": [
                "v6",
                "v11"
            ]
        },
        {
            "name": "e26",
            "smooth": false,
            "vertices": [
                "v6",
                "v12"
            ]
        },
        {
            "name": "e27",
            "smooth": false,
            "vertices": [
                "v6",
                "v14"
            ]
        },
        {
            "name": "e28",
            "smooth": false,
            "vertices": [
                "v7",
                "v9"
            ]
        },
        {
            "name": "e29",
            "smooth": false,
            "vertices": [
                "v7",
                "v13"
            ]
        },
        {
            "name": "e30",
            "smooth": false,
            "vertices": [
                "v7",
                "v15"
            ]
        },
        {
            "name": "e31",
            "smooth": false,
            "vertices": [
                "v8",
                "v9"
            ]
        },
        {
            "name": "e32",
            "smooth": false,
            "vertices": [
                "v8",
                "v10"
            ]
        },
        {
            "name": "e33",
            "smooth": false,
            "vertices": [
                "v9",
                "v10"
            ]
        },
        {
            "name": "e34",
            "smooth": false,
            "vertices": [
                "v9",
                "v12"
            ]
        },
        {
            "name": "e35",
            "smooth": false,
            "vertices": [
                "v9",
                "v13"
            ]
        },
        {
            "name": "e36",
            "smooth": false,
            "vertices": [
                "v10",
                "v12"
            ]
        },
        {
            "name": "e37",
            "smooth": false,
            "vertices": [
                "v10",
                "v13"
            ]
        },
        {
            "name": "e38",
            "smooth": false,
            "vertices": [
                "v14",
                "v15"
            ]
        },
        {
            "name": "e39",
            "smooth": false,
            "vertices": [
                "v16",
                "v18"
            ]
        },
        {
            "name": "e40",
            "smooth": false,
            "vertices": [
                "v16",
                "v30"
            ]
        },
        {
            "name": "e41",
            "smooth": false,
            "vertices": [
                "v16",
                "v31"
            ]
        },
        {
            "name": "e42",
            "smooth": false,
            "vertices": [
                "v17",
                "v18"
            ]
        },
        {
            "name": "e43",
            "smooth": false,
            "vertices": [
                "v17",
                "v20"
            ]
        },
        {
            "name": "e44",
            "smooth": false,
            "vertices": [
                "v17",
                "v21"
            ]
        },
        {
            "name": "e45",
            "smooth": false,
            "vertices": [
                "v17",
                "v23"
            ]
        },
        {
            "name": "e46",
            "smooth": false,
            "vertices": [
                "v17",
                "v24"
            ]
        },
        {
            "name": "e47",
            "smooth": false,
            "vertices": [
                "v17",
                "v25"
            ]
        },
        {
            "name": "e48",
            "smooth": false,
            "vertices": [
                "v17",
                "v27"
            ]
        },
        {
            "name": "e49",
            "smooth": false,
            "vertices": [
                "v18",
                "v24"
            ]
        },
        {
            "name": "e50",
            "smooth": false,
            "vertices": [
                "v18",
                "v25"
            ]
        },
        {
            "name": "e51",
            "smooth": false,
            "vertices": [
                "v18",
                "v28"
            ]
        },
        {
            "name": "e52",
            "smooth": false,
            "vertices": [
                "v18",
                "v29"
            ]
        },
        {
            "name": "e53",
            "smooth": false,
            "vertices": [
                "v19",
                "v23"
            ]
        },
        {
            "name": "e54",
            "smooth": false,
            "vertices": [
                "v19",
                "v27"
            ]
        },
        {
            "name": "e55",
            "smooth": false,
            "vertices": [
                "v19",
                "v30"
            ]
        },
        {
            "name": "e56",
            "smooth": false,
            "vertices": [
                "v20",
                "v21"
            ]
        },
        {
            "name": "e57",
            "smooth": false,
            "vertices": [
                "v20",
                "v22"
            ]
        },
        {
            "name": "e58",
            "smooth": false,
            "vertices": [
                "v20",
                "v26"
            ]
        },
        {
            "name": "e59",
            "smooth": false,
            "vertices": [
                "v20",
                "v27"
            ]
        },
        {
            "name": "e60",
            "smooth": false,
            "vertices": [
                "v20",
                "v28"
            ]
        },
        {
            "name": "e61",
            "smooth": false,
            "vertices": [
                "v20",
                "v29"
            ]
        },
        {
            "name": "e62",
            "smooth": false,
            "vertices": [
                "v21",
                "v24"
            ]
        },
        {
            "name": "e63",
            "smooth": false,
            "vertices": [
                "v22",
                "v26"
            ]
        },
        {
            "name": "e64",
            "smooth": false,
            "vertices": [
                "v22",
                "v27"
            ]
        },
        {
            "name": "e65",
            "smooth": false,
            "vertices": [
                "v22",
                "v28"
            ]
        },
        {
            "name": "e66",
            "smooth": false,
            "vertices": [
                "v22",
                "v30"
            ]
        },
        {
            "name": "e67",
            "smooth": false,
            "vertices": [
                "v23",
                "v25"
            ]
        },
        {
            "name": "e68",
            "smooth": false,
            "vertices": [
                "v23",
                "v29"
            ]
        },
        {
            "name": "e69",
            "smooth": false,
            "vertices": [
                "v23",
                "v31"
            ]
        },
        {
            "name": "e70",
            "smooth": false,
            "vertices": [
                "v24",
                "v25"
            ]
        },
        {
            "name": "e71",
            "smooth": false,
            "vertices": [
                "v24",
                "v26"
            ]
        },
        {
            "name": "e72",
            "smooth": false,
            "vertices": [
                "v25",
                "v26"
            ]
        },
        {
            "name": "e73",
            "smooth": false,
            "vertices": [
                "v25",
                "v28"
            ]
        },
        {
            "name": "e74",
            "smooth": false,
            "vertices": [
                "v25",
                "v29"
            ]
        },
        {
            "name": "e75",
            "smooth": false,
            "vertices": [
                "v26",
                "v28"
            ]
        },
        {
            "name": "e76",
            "smooth": false,
            "vertices": [
                "v26",
                "v29"
            ]
        },
        {
            "name": "e77",
            "smooth": false,
            "vertices": [
                "v30",
                "v31"
            ]
        },
        {
            "name": "e78",
            "smooth": false,
            "vertices": [
                "v32",
                "v34"
            ]
        },
        {
            "name": "e79",
            "smooth": false,
            "vertices": [
                "v32",
                "v46"
            ]
        },
        {
            "name": "e80",
            "smooth": false,
            "vertices": [
                "v32",
                "v47"
            ]
        },
        {
            "name": "e81",
            "smooth": false,
            "vertices": [
                "v33",
                "v34"
            ]
        },
        {
            "name": "e82",
            "smooth": false,
            "vertices": [
                "v33",
                "v36"
            ]
        },
        {
            "name": "e83",
            "smooth": false,
            "vertices": [
                "v33",
                "v37"
            ]
        },
        {
            "name": "e84",
            "smooth": false,
            "vertices": [
                "v33",
                "v39"
            ]
        },
        {
            "name": "e85",
            "smooth": false,
            "vertices": [
                "v33",
                "v40"
            ]
        },
        {
            "name": "e86",
            "smooth": false,
            "vertices": [
                "v33",
                "v41"
            ]
        },
        {
            "name": "e87",
            "smooth": false,
            "vertices": [
                "v33",
                "v43"
            ]
        },
        {
            "name": "e88",
            "smooth": false,
            "vertices": [
                "v34",
                "v40"
            ]
        },
        {
            "name": "e89",
            "smooth": false,
            "vertices": [
                "v34",
                "v41"
            ]
        },
        {
            "name": "e90",
            "smooth": false,
            "vertices": [
                "v34",
                "v44"
            ]
        },
        {
            "name": "e91",
            "smooth": false,
            "vertices": [
                "v34",
                "v45"
            ]
        },
        {
            "name": "e92",
            "smooth": false,
            "vertices": [
                "v35",
                "v39"
            ]
        },
        {
            "name": "e93",
            "smooth": false,
            "vertices": [
                "v35",
                "v43"
            ]
        },
        {
            "name": "e94",
            "smooth": false,
            "vertices": [
                "v35",
                "v46"
            ]
        },
        {
            "name": "e95",
            "smooth": false,
            "vertices": [
                "v36",
                "v37"
            ]
        },
        {
            "name": "e96",
            "smooth": false,
            "vertices": [
                "v36",
                "v38"
            ]
        },
        {
            "name": "e97",
            "smooth": false,
            "vertices": [
                "v36",
                "v42"
            ]
        },
        {
            "name": "e98",
            "smooth": false,
            "vertices": [
                "v36",
                "v43"
            ]
        },
        {
            "name": "e99",
            "smooth": false,
            "vertices": [
                "v36",
                "v44"
            ]
        },
        {
            "name": "e100",
            "smooth": false,
            "vertices": [
                "v36",
                "v45"
            ]
        },
        {
            "name": "e101",
            "smooth": false,
            "vertices": [
                "v37",
                "v40"
            ]
        },
        {
            "name": "e102",
            "smooth": false,
            "vertices": [
                "v38",
                "v42"
            ]
        },
        {
            "name": "e103",
            "smooth": false,
            "vertices": [
                "v38",
                "v43"
            ]
        },
        {
            "name": "e104",
            "smooth": false,
            "vertices": [
                "v38",
                "v44"
            ]
        },
        {
            "name": "e105",
            "smooth": false,
            "vertices": [
                "v38",
                "v46"
            ]
        },
        {
            "name": "e106",
            "smooth": false,
            "vertices": [
                "v39",
                "v41"
            ]
        },
        {
            "name": "e107",
            "smooth": false,
            "vertices": [
                "v39",
                "v45"
            ]
        },
        {
            "name": "e108",
            "smooth": false,
            "vertices": [
                "v39",
                "v47"
            ]
        },
        {
            "name": "e109",
            "smooth": false,
            "vertices": [
                "v40",
                "v41"
            ]
        },
        {
            "name": "e110",
            "smooth": false,
            "vertices": [
                "v40",
                "v42"
            ]
        },
        {
            "name": "e111",
            "smooth": false,
            "vertices": [
                "v41",
                "v42"
            ]
        },
        {
            "name": "e112",
            "smooth": false,
            "vertices": [
                "v41",
                "v44"
            ]
        },
        {
            "name": "e113",
            "smooth": false,
            "vertices": [
                "v41",
                "v45"
            ]
        },
        {
            "name": "e114",
            "smooth": false,
            "vertices": [
                "v42",
                "v44"
            ]
        },
        {
            "name": "e115",
            "smooth": false,
            "vertices": [
                "v42",
                "v45"
            ]
        },
        {
            "name": "e116",
            "smooth": false,
            "vertices": [
                "v46",
                "v47"
            ]
        },
        {
            "name": "e117",
            "smooth": false,
            "vertices": [
                "v48",
                "v50"
            ]
        },
        {
            "name": "e118",
            "smooth": false,
            "vertices": [
                "v48",
                "v62"
            ]
        },
        {
            "name": "e119",
            "smooth": false,
            "vertices": [
                "v48",
                "v63"
            ]
        },
        {
            "name": "e120",
            "smooth": false,
            "vertices": [
                "v49",
                "v50"
            ]
        },
        {
            "name": "e121",
            "smooth": false,
            "vertices": [
                "v49",
                "v52"
            ]
        },
        {
            "name": "e122",
            "smooth": false,
            "vertices": [
                "v49",
                "v53"
            ]
        },
        {
            "name": "e123",
            "smooth": false,
            "vertices": [
                "v49",
                "v55"
            ]
        },
        {
            "name": "e124",
            "smooth": false,
            "vertices": [
                "v49",
                "v56"
            ]
        },
        {
            "name": "e125",
            "smooth": false,
            "vertices": [
                "v49",
                "v57"
            ]
        },
        {
            "name": "e126",
            "smooth": false,
            "vertices": [
                "v49",
                "v59"
            ]
        },
        {
            "name": "e127",
            "smooth": false,
            "vertices": [
                "v50",
                "v56"
            ]
        },
        {
            "name": "e128",
            "smooth": false,
            "vertices": [
                "v50",
                "v57"
            ]
        },
        {
            "name": "e129",
            "smooth": false,
            "vertices": [
                "v50",
                "v60"
            ]
        },
        {
            "name": "e130",
            "smooth": false,
            "vertices": [
                "v50",
                "v61"
            ]
        },
        {
            "name": "e131",
            "smooth": false,
            "vertices": [
                "v51",
                "v55"
            ]
        },
        {
            "name": "e132",
            "smooth": false,
            "vertices": [
                "v51",
                "v59"
            ]
        },
        {
            "name": "e133",
            "smooth": false,
            "vertices": [
                "v51",
                "v62"
            ]
        },
        {
            "name": "e134",
            "smooth": false,
            "vertices": [
                "v52",
                "v53"
            ]
        },
        {
            "name": "e135",
            "smooth": false,
            "vertices": [
                "v52",
                "v54"
            ]
        },
        {
            "name": "e136",
            "smooth": false,
            "vertices": [
                "v52",
                "v58"
            ]
        },
        {
            "name": "e137",
            "smooth": false,
            "vertices": [
                "v52",
                "v59"
            ]
        },
        {
            "name": "e138",
            "smooth": false,
            "vertices": [
                "v52",
                "v60"
            ]
        },
        {
            "name": "e139",
            "smooth": false,
            "vertices": [
                "v52",
                "v61"
            ]
        },
        {
            "name": "e140",
            "smooth": false,
            "vertices": [
                "v53",
                "v56"
            ]
        },
        {
            "name": "e141",
            "smooth": false,
            "vertices": [
                "v54",
                "v58"
            ]
        },
        {
            "name": "e142",
            "smooth": false,
            "vertices": [
                "v54",
                "v59"
            ]
        },
        {
            "name": "e143",
            "smooth": false,
            "vertices": [
                "v54",
                "v60"
            ]
        },
        {
            "name": "e144",
            "smooth": false,
            "vertices": [
                "v54",
                "v62"
            ]
        },
        {
            "name": "e145",
            "smooth": false,
            "vertices": [
                "v55",
                "v57"
            ]
        },
        {
            "name": "e146",
            "smooth": false,
            "vertices": [
                "v55",
                "v61"
            ]
        },
        {
            "name": "e147",
            "smooth": false,
            "vertices": [
                "v55",
                "v63"
            ]
        },
        {
            "name": "e148",
            "smooth": false,
            "vertices": [
                "v56",
                "v57"
            ]
        },
        {
            "name": "e149",
            "smooth": false,
            "vertices": [
                "v56",
                "v58"
            ]
        },
        {
            "name": "e150",
            "smooth": false,
            "vertices": [
                "v57",
                "v58"
            ]
        },
        {
            "name": "e151",
            "smooth": false,
            "vertices": [
                "v57",
                "v60"
            ]
        },
        {
            "name": "e152",
            "smooth": false,
            "vertices": [
                "v57",
                "v61"
            ]
        },
        {
            "name": "e153",
            "smooth": false,
            "vertices": [
                "v58",
                "v60"
            ]
        },
        {
            "name": "e154",
            "smooth": false,
            "vertices": [
                "v58",
                "v61"
            ]
        },
        {
            "name": "e155",
            "smooth": false,
            "vertices": [
                "v62",
                "v63"
            ]
        },
        {
            "name": "e156",
            "smooth": false,
            "vertices": [
                "v64",
                "v66"
            ]
        },
        {
            "name": "e157",
            "smooth": false,
            "vertices": [
                "v64",
                "v78"
            ]
        },
        {
            "name": "e158",
            "smooth": false,
            "vertices": [
                "v64",
                "v79"
            ]
        },
        {
            "name": "e159",
            "smooth": false,
            "vertices": [
                "v65",
                "v66"
            ]
        },
        {
            "name": "e160",
            "smooth": false,
            "vertices": [
                "v65",
                "v68"
            ]
        },
        {
            "name": "e161",
            "smooth": false,
            "vertices": [
                "v65",
                "v69"
            ]
        },
        {
            "name": "e162",
            "smooth": false,
            "vertices": [
                "v65",
                "v71"
            ]
        },
        {
            "name": "e163",
            "smooth": false,
            "vertices": [
                "v65",
                "v72"
            ]
        },
        {
            "name": "e164",
            "smooth": false,
            "vertices": [
                "v65",
                "v73"
            ]
        },
        {
            "name": "e165",
            "smooth": false,
            "vertices": [
                "v65",
                "v75"
            ]
        },
        {
            "name": "e166",
            "smooth": false,
            "vertices": [
                "v66",
                "v72"
            ]
        },
        {
            "name": "e167",
            "smooth": false,
            "vertices": [
                "v66",
                "v73"
            ]
        },
        {
            "name": "e168",
            "smooth": false,
            "vertices": [
                "v66",
                "v76"
            ]
        },
        {
            "name": "e169",
            "smooth": false,
            "vertices": [
                "v66",
                "v77"
            ]
        },
        {
            "name": "e170",
            "smooth": false,
            "vertices": [
                "v67",
                "v71"
            ]
        },
        {
            "name": "e171",
            "smooth": false,
            "vertices": [
                "v67",
                "v75"
            ]
        },
        {
            "name": "e172",
            "smooth": false,
            "vertices": [
                "v67",
                "v78"
            ]
        },
        {
            "name": "e173",
            "smooth": false,
            "vertices": [
                "v68",
                "v69"
            ]
        },
        {
            "name": "e174",
            "smooth": false,
            "vertices": [
                "v68",
                "v70"
            ]
        },
        {
            "name": "e175",
            "smooth": false,
            "vertices": [
                "v68",
                "v74"
            ]
        },
        {
            "name": "e176",
            "smooth": false,
            "vertices": [
                "v68",
                "v75"
            ]
        },
        {
            "name": "e177",
            "smooth": false,
            "vertices": [
                "v68",
                "v76"
            ]
        },
        {
            "name": "e178",
            "smooth": false,
            "vertices": [
                "v68",
                "v77"
            ]
        },
        {
            "name": "e179",
            "smooth": false,
            "vertices": [
                "v69",
                "v72"
            ]
        },
        {
            "name": "e180",
            "smooth": false,
            "vertices": [
                "v70",
                "v74"
            ]
        },
        {
            "name": "e181",
            "smooth": false,
            "vertices": [
                "v70",
                "v75"
            ]
        },
        {
            "name": "e182",
            "smooth": false,
            "vertices": [
                "v70",
                "v76"
            ]
        },
        {
            "name": "e183",
            "smooth": false,
            "vertices": [
                "v70",
                "v78"
            ]
        },
        {
            "name": "e184",
            "smooth": false,
            "vertices": [
                "v71",
                "v73"
            ]
        },
        {
            "name": "e185",
            "smooth": false,
            "vertices": [
                "v71",
                "v77"
            ]
        },
        {
            "name": "e186",
            "smooth": false,
            "vertices": [
                "v71",
                "v79"
            ]
        },
        {
            "name": "e187",
            "smooth": false,
            "vertices": [
                "v72",
                "v73"
            ]
        },
        {
            "name": "e188",
            "smooth": false,
            "vertices": [
                "v72",
                "v74"
            ]
        },
        {
            "name": "e189",
            "smooth": false,
            "vertices": [
                "v73",
                "v74"
            ]
        },
        {
            "name": "e190",
            "smooth": false,
            "vertices": [
                "v73",
                "v76"
            ]
        },
        {
            "name": "e191",
            "smooth": false,
            "vertices": [
                "v73",
                "v77"
            ]
        },
        {
            "name": "e192",
            "smooth": false,
            "vertices": [
                "v74",
                "v76"
            ]
        },
        {
            "name": "e193",
            "smooth": false,
            "vertices": [
                "v74",
                "v77"
            ]
        },
        {
            "name": "e194",
            "smooth": false,
            "vertices": [
                "v78",
                "v79"
            ]
        },
        {
            "name": "e195",
            "smooth": false,
            "vertices": [
                "v80",
                "v82"
            ]
        },
        {
            "name": "e196",
            "smooth": false,
            "vertices": [
                "v80",
                "v94"
            ]
        },
        {
            "name": "e197",
            "smooth": false,
            "vertices": [
                "v80",
                "v95"
            ]
        },
        {
            "name": "e198",
            "smooth": false,
            "vertices": [
                "v81",
                "v82"
            ]
        },
        {
            "name": "e199",
            "smooth": false,
            "vertices": [
                "v81",
                "v84"
            ]
        },
        {
            "name": "e200",
            "smooth": false,
            "vertices": [
                "v81",
                "v85"
            ]
        },
        {
            "name": "e201",
            "smooth": false,
            "vertices": [
                "v81",
                "v87"
            ]
        },
        {
            "name": "e202",
            "smooth": false,
            "vertices": [
                "v81",
                "v88"
            ]
        },
        {
            "name": "e203",
            "smooth": false,
            "vertices": [
                "v81",
                "v89"
            ]
        },
        {
            "name": "e204",
            "smooth": false,
            "vertices": [
                "v81",
                "v91"
            ]
        },
        {
            "name": "e205",
            "smooth": false,
            "vertices": [
                "v82",
                "v88"
            ]
        },
        {
            "name": "e206",
            "smooth": false,
            "vertices": [
                "v82",
                "v89"
            ]
        },
        {
            "name": "e207",
            "smooth": false,
            "vertices": [
                "v82",
                "v92"
            ]
        },
        {
            "name": "e208",
            "smooth": false,
            "vertices": [
                "v82",
                "v93"
            ]
        },
        {
            "name": "e209",
            "smooth": false,
            "vertices": [
                "v83",
                "v87"
            ]
        },
        {
            "name": "e210",
            "smooth": false,
            "vertices": [
                "v83",
                "v91"
            ]
        },
        {
            "name": "e211",
            "smooth": false,
            "vertices": [
                "v83",
                "v94"
            ]
        },
        {
            "name": "e212",
            "smooth": false,
            "vertices": [
                "v84",
                "v85"
            ]
        },
        {
            "name": "e213",
            "smooth": false,
            "vertices": [
                "v84",
                "v86"
            ]
        },
        {
            "name": "e214",
            "smooth": false,
            "vertices": [
                "v84",
                "v90"
            ]
        },
        {
            "name": "e215",
            "smooth": false,
            "vertices": [
                "v84",
                "v91"
            ]
        },
        {
            "name": "e216",
            "smooth": false,
            "vertices": [
                "v84",
                "v92"
            ]
        },
        {
            "name": "e217",
            "smooth": false,
            "vertices": [
                "v84",
                "v93"
            ]
        },
        {
            "name": "e218",
            "smooth": false,
            "vertices": [
                "v85",
                "v88"
            ]
        },
        {
            "name": "e219",
            "smooth": false,
            "vertices": [
                "v86",
                "v90"
            ]
        },
        {
            "name": "e220",
            "smooth": false,
            "vertices": [
                "v86",
                "v91"
            ]
        },
        {
            "name": "e221",
            "smooth": false,
            "vertices": [
                "v86",
                "v92"
            ]
        },
        {
            "name": "e222",
            "smooth": false,
            "vertices": [
                "v86",
                "v94"
            ]
        },
        {
            "name": "e223",
            "smooth": false,
            "vertices": [
                "v87",
                "v89"
            ]
        },
        {
            "name": "e224",
            "smooth": false,
            "vertices": [
                "v87",
                "v93"
            ]
        },
        {
            "name": "e225",
            "smooth": false,
            "vertices": [
                "v87",
                "v95"
            ]
        },
        {
            "name": "e226",
            "smooth": false,
            "vertices": [
                "v88",
                "v89"
            ]
        },
        {
            "name": "e227",
            "smooth": false,
            "vertices": [
                "v88",
                "v90"
            ]
        },
        {
            "name": "e228",
            "smooth": false,
            "vertices": [
                "v89",
                "v90"
            ]
        },
        {
            "name": "e229",
            "smooth": false,
            "vertices": [
                "v89",
                "v92"
            ]
        },
        {
            "name": "e230",
            "smooth": false,
            "vertices": [
                "v89",
                "v93"
            ]
        },
        {
            "name": "e231",
            "smooth": false,
            "vertices": [
                "v90",
                "v92"
            ]
        },
        {
            "name": "e232",
            "smooth": false,
            "vertices": [
                "v90",
                "v93"
            ]
        },
        {
            "name": "e233",
            "smooth": false,
            "vertices": [
                "v94",
                "v95"
            ]
        },
        {
            "name": "e234",
            "smooth": false,
            "vertices": [
                "v96",
                "v98"
            ]
        },
        {
            "name": "e235",
            "smooth": false,
            "vertices": [
                "v96",
                "v110"
            ]
        },
        {
            "name": "e236",
            "smooth": false,
            "vertices": [
                "v96",
                "v111"
            ]
        },
        {
            "name": "e237",
            "smooth": false,
            "vertices": [
                "v97",
                "v98"
            ]
        },
        {
            "name": "e238",
            "smooth": false,
            "vertices": [
                "v97",
                "v100"
            ]
        },
        {
            "name": "e239",
            "smooth": false,
            "vertices": [
                "v97",
                "v101"
            ]
        },
        {
            "name": "e240",
            "smooth": false,
            "vertices": [
                "v97",
                "v103"
            ]
        },
        {
            "name": "e241",
            "smooth": false,
            "vertices": [
                "v97",
                "v104"
            ]
        },
        {
            "name": "e242",
            "smooth": false,
            "vertices": [
                "v97",
                "v105"
            ]
        },
        {
            "name": "e243",
            "smooth": false,
            "vertices": [
                "v97",
                "v107"
            ]
        },
        {
            "name": "e244",
            "smooth": false,
            "vertices": [
                "v98",
                "v104"
            ]
        },
        {
            "name": "e245",
            "smooth": false,
            "vertices": [
                "v98",
                "v105"
            ]
        },
        {
            "name": "e246",
            "smooth": false,
            "vertices": [
                "v98",
                "v108"
            ]
        },
        {
            "name": "e247",
            "smooth": false,
            "vertices": [
                "v98",
                "v109"
            ]
        },
        {
            "name": "e248",
            "smooth": false,
            "vertices": [
                "v99",
                "v103"
            ]
        },
        {
            "name": "e249",
            "smooth": false,
            "vertices": [
                "v99",
                "v107"
            ]
        },
        {
            "name": "e250",
            "smooth": false,
            "vertices": [
                "v99",
                "v110"
            ]
        },
        {
            "name": "e251",
            "smooth": false,
            "vertices": [
                "v100",
                "v101"
            ]
        },
        {
            "name": "e252",
            "smooth": false,
            "vertices": [
                "v100",
                "v102"
            ]
        },
        {
            "name": "e253",
            "smooth": false,
            "vertices": [
                "v100",
                "v106"
            ]
        },
        {
            "name": "e254",
            "smooth": false,
            "vertices": [
                "v100",
                "v107"
            ]
        },
        {
            "name": "e255",
            "smooth": false,
            "vertices": [
                "v100",
                "v108"
            ]
        },
        {
            "name": "e256",
            "smooth": false,
            "vertices": [
                "v100",
                "v109"
            ]
        },
        {
            "name": "e257",
            "smooth": false,
            "vertices": [
                "v101",
                "v104"
            ]
        },
        {
            "name": "e258",
            "smooth": false,
            "vertices": [
                "v102",
                "v106"
            ]
        },
        {
            "name": "e259",
            "smooth": false,
            "vertices": [
                "v102",
                "v107"
            ]
        },
        {
            "name": "e260",
            "smooth": false,
            "vertices": [
                "v102",
                "v108"
            ]
        },
        {
            "name": "e261",
            "smooth": false,
            "vertices": [
                "v102",
                "v110"
            ]
        },
        {
            "name": "e262",
            "smooth": false,
            "vertices": [
                "v103",
                "v105"
            ]
        },
        {
            "name": "e263",
            "smooth": false,
            "vertices": [
                "v103",
                "v109"
            ]
        },
        {
            "name": "e264",
            "smooth": false,
            "vertices": [
                "v103",
                "v111"
            ]
        },
        {
            "name": "e265",
            "smooth": false,
            "vertices": [
                "v104",
                "v105"
            ]
        },
        {
            "name": "e266",
            "smooth": false,
            "vertices": [
                "v104",
                "v106"
            ]
        },
        {
            "name": "e267",
            "smooth": false,
            "vertices": [
                "v105",
                "v106"
            ]
        },
        {
            "name": "e268",
            "smooth": false,
            "vertices": [
                "v105",
                "v108"
            ]
        },
        {
            "name": "e269",
            "smooth": false,
            "vertices": [
                "v105",
                "v109"
            ]
        },
        {
            "name": "e270",
            "smooth": false,
            "vertices": [
                "v106",
                "v108"
            ]
        },
        {
            "name": "e271",
            "smooth": false,
            "vertices": [
                "v106",
                "v109"
            ]
        },
        {
            "name": "e272",
            "smooth": false,
            "vertices": [
                "v110",
                "v111"
            ]
        },
        {
            "name": "e273",
            "smooth": false,
            "vertices": [
                "v112",
                "v114"
            ]
        },
        {
            "name": "e274",
            "smooth": false,
            "vertices": [
                "v112",
                "v126"
            ]
        },
        {
            "name": "e275",
            "smooth": false,
            "vertices": [
                "v112",
                "v127"
            ]
        },
        {
            "name": "e276",
            "smooth": false,
            "vertices": [
                "v113",
                "v114"
            ]
        },
        {
            "name": "e277",
            "smooth": false,
            "vertices": [
                "v113",
                "v116"
            ]
        },
        {
            "name": "e278",
            "smooth": false,
            "vertices": [
                "v113",
                "v117"
            ]
        },
        {
            "name": "e279",
            "smooth": false,
            "vertices": [
                "v113",
                "v119"
            ]
        },
        {
            "name": "e280",
            "smooth": false,
            "vertices": [
                "v113",
                "v120"
            ]
        },
        {
            "name": "e281",
            "smooth": false,
            "vertices": [
                "v113",
                "v121"
            ]
        },
        {
            "name": "e282",
            "smooth": false,
            "vertices": [
                "v113",
                "v123"
            ]
        },
        {
            "name": "e283",
            "smooth": false,
            "vertices": [
                "v114",
                "v120"
            ]
        },
        {
            "name": "e284",
            "smooth": false,
            "vertices": [
                "v114",
                "v121"
            ]
        },
        {
            "name": "e285",
            "smooth": false,
            "vertices": [
                "v114",
                "v124"
            ]
        },
        {
            "name": "e286",
            "smooth": false,
            "vertices": [
                "v114",
                "v125"
            ]
        },
        {
            "name": "e287",
            "smooth": false,
            "vertices": [
                "v115",
                "v119"
            ]
        },
        {
            "name": "e288",
            "smooth": false,
            "vertices": [
                "v115",
                "v123"
            ]
        },
        {
            "name": "e289",
            "smooth": false,
            "vertices": [
                "v115",
                "v126"
            ]
        },
        {
            "name": "e290",
            "smooth": false,
            "vertices": [
                "v116",
                "v117"
            ]
        },
        {
            "name": "e291",
            "smooth": false,
            "vertices": [
                "v116",
                "v118"
            ]
        },
        {
            "name": "e292",
            "smooth": false,
            "vertices": [
                "v116",
                "v122"
            ]
        },
        {
            "name": "e293",
            "smooth": false,
            "vertices": [
                "v116",
                "v123"
            ]
        },
        {
            "name": "e294",
            "smooth": false,
            "vertices": [
                "v116",
                "v124"
            ]
        },
        {
            "name": "e295",
            "smooth": false,
            "vertices": [
                "v116",
                "v125"
            ]
        },
        {
            "name": "e296",
            "smooth": false,
            "vertices": [
                "v117",
                "v120"
            ]
        },
        {
            "name": "e297",
            "smooth": false,
            "vertices": [
                "v118",
                "v122"
            ]
        },
        {
            "name": "e298",
            "smooth": false,
            "vertices": [
                "v118",
                "v123"
            ]
        },
        {
            "name": "e299",
            "smooth": false,
            "vertices": [
                "v118",
                "v124"
            ]
        },
        {
            "name": "e300",
            "smooth": false,
            "vertices": [
                "v118",
                "v126"
            ]
        },
        {
            "name": "e301",
            "smooth": false,
            "vertices": [
                "v119",
                "v121"
            ]
        },
        {
            "name": "e302",
            "smooth": false,
            "vertices": [
                "v119",
                "v125"
            ]
        },
        {
            "name": "e303",
            "smooth": false,
            "vertices": [
                "v119",
                "v127"
            ]
        },
        {
            "name": "e304",
            "smooth": false,
            "vertices": [
                "v120",
                "v121"
            ]
        },
        {
            "name": "e305",
            "smooth": false,
            "vertices": [
                "v120",
                "v122"
            ]
        },
        {
            "name": "e306",
            "smooth": false,
            "vertices": [
                "v121",
                "v122"
            ]
        },
        {
            "name": "e307",
            "smooth": false,
            "vertices": [
                "v121",
                "v124"
            ]
        },
        {
            "name": "e308",
            "smooth": false,
            "vertices": [
                "v121",
                "v125"
            ]
        },
        {
            "name": "e309",
            "smooth": false,
            "vertices": [
                "v122",
                "v124"
            ]
        },
        {
            "name": "e310",
            "smooth": false,
            "vertices": [
                "v122",
                "v125"
            ]
        },
        {
            "name": "e311",
            "smooth": false,
            "vertices": [
                "v126",
                "v127"
            ]
        }
    ]
}