{
    "operations": [
        {
            "name": "v0",
            "position": [
                0,
                0.9,
                0.2
            ]
        },
        {
            "name": "v1",
            "position": [
                1,
                0.5,
                0.7
            ]
        },
        {
            "name": "v2",
            "position": [
                0.3,
                0,
                0.0
            ]
        },
        {
            "name": "v3",
            "position": [
                0.4,
                1,
                0.0
            ]
        },
        {
            "name": "v4",
            "position": [
                0.3,
                0.8,
                0
            ]
        },
        {
            "name": "v5",
            "position": [
                0.8,
                0.7,
                1
            ]
        },
        {
            "name": "e0",
            "smooth": false,
            "vertices": [
                "v0",
                "v2"
            ]
        },
        {
            "name": "e1",
            "smooth": false,
            "vertices": [
                "v0",
                "v4"
            ]
        },
        {
            "name": "e2",
            "smooth": false,
            "vertices": [
                "v1",
                "v4"
            ]
        },
        {
            "name": "e3",
            "smooth": false,
            "vertices": [
                "v2",
                "v3"
            ]
        },
        {
            "name": "e4",
            "smooth": false,
            "vertices": [
                "v2",
                "v5"
            ]
        },
        {
            "name": "e5",
            "smooth": false,
            "vertices": [
                "v3",
                "v4"
            ]
        }
    ]
}