{
    "operations": [
        {
            "name": "v0",
            "position": [
                0,
                0.2,
                0.2
            ]
        },
        {
            "name": "v1",
            "position": [
                1,
                0.9,
                1.0
            ]
        },
        {
            "name": "v2",
            "position": [
                0.0,
                0,
                0.1
            ]
        },
        {
            "name": "v3",
            "position": [
                0.2,
                1,
                0.1
            ]
        },
        {
            "name": "v4",
            "position": [
                0.3,
                0.6,
                0
            ]
        },
        {
            "name": "v5",
            "position": [
                0.4,
                1.0,
                1
            ]
        },
        {
            "name": "v6",
            "position": [
                0.1,
                0.9,
                0.5
            ]
        },
        {
            "name": "e0",
            "smooth": false,
            "vertices": [
                "v0",
                "v1"
            ]
        },
        {
            "name": "e1",
            "smooth": false,
            "vertices": [
                "v0",
                "v3"
            ]
        },
        {
            "name": "e2",
            "smooth": false,
            "vertices": [
                "v0",
                "v4"
            ]
        },
        {
            "name": "e3",
            "smooth": false,
            "vertices": [
                "v0",
                "v6"
            ]
        },
        {
            "name": "e4",
            "smooth": false,
            "vertices": [
                "v2",
                "v3"
            ]
        },
        {
            "name": "e5",
            "smooth": false,
            "vertices": [
                "v2",
                "v6"
            ]
        },
        {
            "name": "e6",
            "smooth": false,
            "vertices": [
                "v3",
                "v4"
            ]
        },
        {
            "name": "e7",
            "smooth": false,
            "vertices": [
                "v4",
                "v5"
            ]
        },
        {
            "name": "e8",
            "smooth": false,
            "vertices": [
                "v5",
                "v6"
            ]
        }
    ]
}