{
    "operations": [
        {
            "name": "v0",
            "position": [
                0,
                0.0,
                0.3
            ]
        },
        {
            "name": "v1",
            "position": [
                1,
                0.4,
                0.5
            ]
        },
        {
            "name": "v2",
            "position": [
                0.7,
                0,
                0.4
            ]
        },
        {
            "name": "v3",
            "position": [
                1.0,
                1,
                0.5
            ]
        },
        {
            "name": "v4",
            "position": [
                0.4,
                0.2,
                0
            ]
        },
        {
            "name": "v5",
            "position": [
                0.6,
                0.6,
                1
            ]
        },
        {
            "name": "v6",
            "position": [
                0,
                0.0,
                0.3
            ]
        },
        {
            "name": "v7",
            "position": [
                -1,
                0.4,
                0.5
            ]
        },
        {
            "name": "v8",
            "position": [
                -0.7,
                0,
                0.4
            ]
        },
        {
            "name": "v9",
            "position": [
                -1.0,
                1,
                0.5
            ]
        },
        {
            "name": "v10",
            "position": [
                -0.4,
                0.2,
                0
            ]
        },
        {
            "name": "v11",
            "position": [
                -0.6,
                0.6,
                1
            ]
        },
        {
            "name": "v12",
            "position": [
                0,
                -0.0,
                0.3
            ]
        },
        {
            "name": "v13",
            "position": [
                1,
                -0.4,
                0.5
            ]
        },
        {
            "name": "v14",
            "position": [
                0.7,
                0,
                0.4
            ]
        },
        {
            "name": "v15",
            "position": [
                1.0,
                -1,
                0.5
            ]
        },
        {
            "name": "v16",
            "position": [
                0.4,
                -0.2,
                0
            ]
        },
        {
            "name": "v17",
            "position": [
                0.6,
                -0.6,
                1
            ]
        },
        {
            "name": "v18",
            "position": [
                0,
                -0.0,
                0.3
            ]
        },
        {
            "name": "v19",
            "position": [
                -1,
                -0.4,
                0.5
            ]
        },
        {
            "name": "v20",
            "position": [
                -0.7,
                0,
                0.4
            ]
        },
        {
            "name": "v21",
            "position": [
                -1.0,
                -1,
                0.5
            ]
        },
        {
            "name": "v22",
            "position": [
                -0.4,
                -0.2,
                0
            ]
        },
        {
            "name": "v23",
            "position": [
                -0.6,
                -0.6,
                1
            ]
        },
        {
            "name": "v24",
            "position": [
                0,
                0.0,
                -0.3
            ]
        },
        {
            "name": "v25",
            "position": [
                1,
                0.4,
                -0.5
            ]
        },
        {
            "name": "v26",
            "position": [
                0.7,
                0,
                -0.4
            ]
        },
        {
            "name": "v27",
            "position": [
                1.0,
                1,
                -0.5
            ]
        },
        {
            "name": "v28",
            "position": [
                0.4,
                0.2,
                0
            ]
        },
        {
            "name": "v29",
            "position": [
                0.6,
                0.6,
                -1
            ]
        },
        {
            "name": "v30",
            "position": [
                0,
                0.0,
                -0.3
            ]
        },
        {
            "name": "v31",
            "position": [
                -1,
                0.4,
                -0.5
            ]
        },
        {
            "name": "v32",
            "position": [
                -0.7,
                0,
                -0.4
            ]
        },
        {
            "name": "v33",
            "position": [
                -1.0,
                1,
                -0.5
            ]
        },
        {
            "name": "v34",
            "position": [
                -0.4,
                0.2,
                0
            ]
        },
        {
            "name": "v35",
            "position": [
                -0.6,
                0.6,
                -1
            ]
        },
        {
            "name": "v36",
            "position": [
                0,
                -0.0,
                -0.3
            ]
        },
        {
            "name": "v37",
            "position": [
                1,
                -0.4,
                -0.5
            ]
        },
        {
            "name": "v38",
            "position": [
                0.7,
                0,
                -0.4
            ]
        },
        {
            "name": "v39",
            "position": [
                1.0,
                -1,
                -0.5
            ]
        },
        {
            "name": "v40",
            "position": [
                0.4,
                -0.2,
                0
            ]
        },
        {
            "name": "v41",
            "position": [
                0.6,
                -0.6,
                -1
            ]
        },
        {
            "name": "v42",
            "position": [
                0,
                -0.0,
                -0.3
            ]
        },
        {
            "name": "v43",
            "position": [
                -1,
                -0.4,
                -0.5
            ]
        },
        {
            "name": "v44",
            "position": [
                -0.7,
                0,
                -0.4
            ]
        },
        {
            "name": "v45",
            "position": [
                -1.0,
                -1,
                -0.5
            ]
        },
        {
            "name": "v46",
            "position": [
                -0.4,
                -0.2,
                0
            ]
        },
        {
            "name": "v47",
            "position": [
                -0.6,
                -0.6,
                -1
            ]
        },
        {
            "name": "e0",
            "smooth": false,
            "vertices": [
                "v0",
                "v4"
            ]
        },
        {
            "name": "e1",
            "smooth": false,
            "vertices": [
                "v0",
                "v5"
            ]
        },
        {
            "name": "e2",
            "smooth": false,
            "vertices": [
                "v1",
                "v4"
            ]
        },
        {
            "name": "e3",
            "smooth": false,
            "vertices": [
                "v2",
                "v4"
            ]
        },
        {
            "name": "e4",
            "smooth": false,
            "vertices": [
                "v3",
                "v5"
            ]
        },
        {
            "name": "e5",
            "smooth": false,
            "vertices": [
                "v6",
                "v10"
            ]
        },
        {
            "name": "e6",
            "smooth": false,
            "vertices": [
                "v6",
                "v11"
            ]
        },
        {
            "name": "e7",
            "smooth": false,
            "vertices": [
                "v7",
                "v10"
            ]
        },
        {
            "name": "e8",
            "smooth": false,
            "vertices": [
                "v8",
                "v10"
            ]
        },
        {
            "name": "e9",
            "smooth": false,
            "vertices": [
                "v9",
                "v11"
            ]
        },
        {
            "name": "e10",
            "smooth": false,
            "vertices": [
                "v12",
                "v16"
            ]
        },
        {
            "name": "e11",
            "smooth": false,
            "vertices": [
                "v12",
                "v17"
            ]
        },
        {
            "name": "e12",
            "smooth": false,
            "vertices": [
                "v13",
                "v16"
            ]
        },
        {
            "name": "e13",
            "smooth": false,
            "vertices": [
                "v14",
                "v16"
            ]
        },
        {
            "name": "e14",
            "smooth": false,
            "vertices": [
                "v15",
                "v17"
            ]
        },
        {
            "name": "e15",
            "smooth": false,
            "vertices": [
                "v18",
                "v22"
            ]
        },
        {
            "name": "e16",
            "smooth": false,
            "vertices": [
                "v18",
                "v23"
            ]
        },
        {
            "name": "e17",
            "smooth": false,
            "vertices": [
                "v19",
                "v22"
            ]
        },
        {
            "name": "e18",
            "smooth": false,
            "vertices": [
                "v20",
                "v22"
            ]
        },
        {
            "name": "e19",
            "smooth": false,
            "vertices": [
                "v21",
                "v23"
            ]
        },
        {
            "name": "e20",
            "smooth": false,
            "vertices": [
                "v24",
                "v28"
            ]
        },
        {
            "name": "e21",
            "smooth": false,
            "vertices": [
                "v24",
                "v29"
            ]
        },
        {
            "name": "e22",
            "smooth": false,
            "vertices": [
                "v25",
                "v28"
            ]
        },
        {
            "name": "e23",
            "smooth": false,
            "vertices": [
                "v26",
                "v28"
            ]
        },
        {
            "name": "e24",
            "smooth": false,
            "vertices": [
                "v27",
                "v29"
            ]
        },
        {
            "name": "e25",
            "smooth": false,
            "vertices": [
                "v30",
                "v34"
            ]
        },
        {
            "name": "e26",
            "smooth": false,
            "vertices": [
                "v30",
                "v35"
            ]
        },
        {
            "name": "e27",
            "smooth": false,
            "vertices": [
                "v31",
                "v34"
            ]
        },
        {
            "name": "e28",
            "smooth": false,
            "vertices": [
                "v32",
                "v34"
            ]
        },
        {
            "name": "e29",
            "smooth": false,
            "vertices": [
                "v33",
                "v35"
            ]
        },
        {
            "name": "e30",
            "smooth": false,
            "vertices": [
                "v36",
                "v40"
            ]
        },
        {
            "name": "e31",
            "smooth": false,
            "vertices": [
                "v36",
                "v41"
            ]
        },
        {
            "name": "e32",
            "smooth": false,
            "vertices": [
                "v37",
                "v40"
            ]
        },
        {
            "name": "e33",
            "smooth": false,
            "vertices": [
                "v38",
                "v40"
            ]
        },
        {
            "name": "e34",
            "smooth": false,
            "vertices": [
                "v39",
                "v41"
            ]
        },
        {
            "name": "e35",
            "smooth": false,
            "vertices": [
                "v42",
                "v46"
            ]
        },
        {
            "name": "e36",
            "smooth": false,
            "vertices": [
                "v42",
                "v47"
            ]
        },
        {
            "name": "e37",
            "smooth": false,
            "vertices": [
                "v43",
                "v46"
            ]
        },
        {
            "name": "e38",
            "smooth": false,
            "vertices": [
                "v44",
                "v46"
            ]
        },
        {
            "name": "e39",
            "smooth": false,
            "vertices": [
                "v45",
                "v47"
            ]
        }
    ]
}