{
    "operations": [
        {
            "name": "v0",
            "position": [
                0,
                0.3,
                0.7
            ]
        },
        {
            "name": "v1",
            "position": [
                1,
                0.2,
                0.7
            ]
        },
        {
            "name": "v2",
            "position": [
                0.7,
                0,
                0.3
            ]
        },
        {
            "name": "v3",
            "position": [
                0.5,
                1,
                0.6
            ]
        },
        {
            "name": "v4",
            "position": [
                0.2,
                0.0,
                0
            ]
        },
        {
            "name": "v5",
            "position": [
                0.1,
                0.9,
                1
            ]
        },
        {
            "name": "v6",
            "position": [
                0.6,
                0.3,
                1
            ]
        },
        {
            "name": "v7",
            "position": [
                0.8,
                0,
                1.0
            ]
        },
        {
            "name": "v8",
            "position": [
                0.1,
                0.2,
                0.2
            ]
        },
        {
            "name": "v9",
            "position": [
                0.7,
                0.4,
                0.4
            ]
        },
        {
            "name": "v10",
            "position": [
                0.4,
                0.7,
                0.2
            ]
        },
        {
            "name": "v11",
            "position": [
                0.6,
                0.6,
                0.2
            ]
        },
        {
            "name": "v12",
            "position": [
                0,
                0.3,
                0.7
            ]
        },
        {
            "name": "v13",
            "position": [
                -1,
                0.2,
                0.7
            ]
        },
        {
            "name": "v14",
            "position": [
                -0.7,
                0,
                0.3
            ]
        },
        {
            "name": "v15",
            "position": [
                -0.5,
                1,
                0.6
            ]
        },
        {
            "name": "v16",
            "position": [
                -0.2,
                0.0,
                0
            ]
        },
        {
            "name": "v17",
            "position": [
                -0.1,
                0.9,
                1
            ]
        },
        {
            "name": "v18",
            "position": [
                -0.6,
                0.3,
                1
            ]
        },
        {
            "name": "v19",
            "position": [
                -0.8,
                0,
                1.0
            ]
        },
        {
            "name": "v20",
            "position": [
                -0.1,
                0.2,
                0.2
            ]
        },
        {
            "name": "v21",
            "position": [
                -0.7,
                0.4,
                0.4
            ]
        },
        {
            "name": "v22",
            "position": [
                -0.4,
                0.7,
                0.2
            ]
        },
        {
            "name": "v23",
            "position": [
                -0.6,
                0.6,
                0.2
            ]
        },
        {
            "name": "v24",
            "position": [
                0,
                -0.3,
                0.7
            ]
        },
        {
            "name": "v25",
            "position": [
                1,
                -0.2,
                0.7
            ]
        },
        {
            "name": "v26",
            "position": [
                0.7,
                0,
                0.3
            ]
        },
        {
            "name": "v27",
            "position": [
                0.5,
                -1,
                0.6
            ]
        },
        {
            "name": "v28",
            "position": [
                0.2,
                -0.0,
                0
            ]
        },
        {
            "name": "v29",
            "position": [
                0.1,
                -0.9,
                1
            ]
        },
        {
            "name": "v30",
            "position": [
                0.6,
                -0.3,
                1
            ]
        },
        {
            "name": "v31",
            "position": [
                0.8,
                0,
                1.0
            ]
        },
        {
            "name": "v32",
            "position": [
                0.1,
                -0.2,
                0.2
            ]
        },
        {
            "name": "v33",
            "position": [
                0.7,
                -0.4,
                0.4
            ]
        },
        {
            "name": "v34",
            "position": [
                0.4,
                -0.7,
                0.2
            ]
        },
        {
            "name": "v35",
            "position": [
                0.6,
                -0.6,
                0.2
            ]
        },
        {
            "name": "v36",
            "position": [
                0,
                -0.3,
                0.7
            ]
        },
        {
            "name": "v37",
            "position": [
                -1,
                -0.2,
                0.7
            ]
        },
        {
            "name": "v38",
            "position": [
                -0.7,
                0,
                0.3
            ]
        },
        {
            "name": "v39",
            "position": [
                -0.5,
                -1,
                0.6
            ]
        },
        {
            "name": "v40",
            "position": [
                -0.2,
                -0.0,
                0
            ]
        },
        {
            "name": "v41",
            "position": [
                -0.1,
                -0.9,
                1
            ]
        },
        {
            "name": "v42",
            "position": [
                -0.6,
                -0.3,
                1
            ]
        },
        {
            "name": "v43",
            "position": [
                -0.8,
                0,
                1.0
            ]
        },
        {
            "name": "v44",
            "position": [
                -0.1,
                -0.2,
                0.2
            ]
        },
        {
            "name": "v45",
            "position": [
                -0.7,
                -0.4,
                0.4
            ]
        },
        {
            "name": "v46",
            "position": [
                -0.4,
                -0.7,
                0.2
            ]
        },
        {
            "name": "v47",
            "position": [
                -0.6,
                -0.6,
                0.2
            ]
        },
        {
            "name": "v48",
            "position": [
                0,
                0.3,
                -0.7
            ]
        },
        {
            "name": "v49",
            "position": [
                1,
                0.2,
                -0.7
            ]
        },
        {
            "name": "v50",
            "position": [
                0.7,
                0,
                -0.3
            ]
        },
        {
            "name": "v51",
            "position": [
                0.5,
                1,
                -0.6
            ]
        },
        {
            "name": "v52",
            "position": [
                0.2,
                0.0,
                0
            ]
        },
        {
            "name": "v53",
            "position": [
                0.1,
                0.9,
                -1
            ]
        },
        {
            "name": "v54",
            "position": [
                0.6,
                0.3,
                -1
            ]
        },
        {
            "name": "v55",
            "position": [
                0.8,
                0,
                -1.0
            ]
        },
        {
            "name": "v56",
            "position": [
                0.1,
                0.2,
                -0.2
            ]
        },
        {
            "name": "v57",
            "position": [
                0.7,
                0.4,
                -0.4
            ]
        },
        {
            "name": "v58",
            "position": [
                0.4,
                0.7,
                -0.2
            ]
        },
        {
            "name": "v59",
            "position": [
                0.6,
                0.6,
                -0.2
            ]
        },
        {
            "name": "v60",
            "position": [
                0,
                0.3,
                -0.7
            ]
        },
        {
            "name": "v61",
            "position": [
                -1,
                0.2,
                -0.7
            ]
        },
        {
            "name": "v62",
            "position": [
                -0.7,
                0,
                -0.3
            ]
        },
        {
            "name": "v63",
            "position": [
                -0.5,
                1,
                -0.6
            ]
        },
        {
            "name": "v64",
            "position": [
                -0.2,
                0.0,
                0
            ]
        },
        {
            "name": "v65",
            "position": [
                -0.1,
                0.9,
                -1
            ]
        },
        {
            "name": "v66",
            "position": [
                -0.6,
                0.3,
                -1
            ]
        },
        {
            "name": "v67",
            "position": [
                -0.8,
                0,
                -1.0
            ]
        },
        {
            "name": "v68",
            "position": [
                -0.1,
                0.2,
                -0.2
            ]
        },
        {
            "name": "v69",
            "position": [
                -0.7,
                0.4,
                -0.4
            ]
        },
        {
            "name": "v70",
            "position": [
                -0.4,
                0.7,
                -0.2
            ]
        },
        {
            "name": "v71",
            "position": [
                -0.6,
                0.6,
                -0.2
            ]
        },
        {
            "name": "v72",
            "position": [
                0,
                -0.3,
                -0.7
            ]
        },
        {
            "name": "v73",
            "position": [
                1,
                -0.2,
                -0.7
            ]
        },
        {
            "name": "v74",
            "position": [
                0.7,
                0,
                -0.3
            ]
        },
        {
            "name": "v75",
            "position": [
                0.5,
                -1,
                -0.6
            ]
        },
        {
            "name": "v76",
            "position": [
                0.2,
                -0.0,
                0
            ]
        },
        {
            "name": "v77",
            "position": [
                0.1,
                -0.9,
                -1
            ]
        },
        {
            "name": "v78",
            "position": [
                0.6,
                -0.3,
                -1
            ]
        },
        {
            "name": "v79",
            "position": [
                0.8,
                0,
                -1.0
            ]
        },
        {
            "name": "v80",
            "position": [
                0.1,
                -0.2,
                -0.2
            ]
        },
        {
            "name": "v81",
            "position": [
                0.7,
                -0.4,
                -0.4
            ]
        },
        {
            "name": "v82",
            "position": [
                0.4,
                -0.7,
                -0.2
            ]
        },
        {
            "name": "v83",
            "position": [
                0.6,
                -0.6,
                -0.2
            ]
        },
        {
            "name": "v84",
            "position": [
                0,
                -0.3,
                -0.7
            ]
        },
        {
            "name": "v85",
            "position": [
                -1,
                -0.2,
                -0.7
            ]
        },
        {
            "name": "v86",
            "position": [
                -0.7,
                0,
                -0.3
            ]
        },
        {
            "name": "v87",
            "position": [
                -0.5,
                -1,
                -0.6
            ]
        },
        {
            "name": "v88",
            "position": [
                -0.2,
                -0.0,
                0
            ]
        },
        {
            "name": "v89",
            "position": [
                -0.1,
                -0.9,
                -1
            ]
        },
        {
            "name": "v90",
            "position": [
                -0.6,
                -0.3,
                -1
            ]
        },
        {
            "name": "v91",
            "position": [
                -0.8,
                0,
                -1.0
            ]
        },
        {
            "name": "v92",
            "position": [
                -0.1,
                -0.2,
                -0.2
            ]
        },
        {
            "name": "v93",
            "position": [
                -0.7,
                -0.4,
                -0.4
            ]
        },
        {
            "name": "v94",
            "position": [
                -0.4,
                -0.7,
                -0.2
            ]
        },
        {
            "name": "v95",
            "position": [
                -0.6,
                -0.6,
                -0.2
            ]
        },
        {
            "name": "e0",
            "smooth": false,
            "vertices": [
                "v0",
                "v1"
            ]
        },
        {
            "name": "e1",
            "smooth": false,
            "vertices": [
                "v0",
                "v2"
            ]
        },
        {
            "name": "e2",
            "smooth": false,
            "vertices": [
                "v0",
                "v4"
            ]
        },
        {
            "name": "e3",
            "smooth": false,
            "vertices": [
                "v0",
                "v6"
            ]
        },
        {
            "name": "e4",
            "smooth": false,
            "vertices": [
                "v0",
                "v9"
            ]
        },
        {
            "name": "e5",
            "smooth": false,
            "vertices": [
                "v1",
                "v2"
            ]
        },
        {
            "name": "e6",
            "smooth": false,
            "vertices": [
                "v1",
                "v7"
            ]
        },
        {
            "name": "e7",
            "smooth": false,
            "vertices": [
                "v2",
                "v9"
            ]
        },
        {
            "name": "e8",
            "smooth": false,
            "vertices": [
                "v3",
                "v7"
            ]
        },
        {
            "name": "e9",
            "smooth": false,
            "vertices": [
                "v4",
                "v8"
            ]
        },
        {
            "name": "e10",
            "smooth": false,
            "vertices": [
                "v5",
                "v6"
            ]
        },
        {
            "name": "e11",
            "smooth": false,
            "vertices": [
                "v5",
                "v11"
            ]
        },
        {
            "name": "e12",
            "smooth": false,
            "vertices": [
                "v6",
                "v10"
            ]
        },
        {
            "name": "e13",
            "smooth": false,
            "vertices": [
                "v8",
                "v9"
            ]
        },
        {
            "name": "e14",
            "smooth": false,
            "vertices": [
                "v8",
                "v10"
            ]
        },
        {
            "name": "e15",
            "smooth": false,
            "vertices": [
                "v8",
                "v11"
            ]
        },
        {
            "name": "e16",
            "smooth": false,
            "vertices": [
                "v9",
                "v10"
            ]
        },
        {
            "name": "e17",
            "smooth": false,
            "vertices": [
                "v9",
                "v11"
            ]
        },
        {
            "name": "e18",
            "smooth": false,
            "vertices": [
                "v12",
                "v13"
            ]
        },
        {
            "name": "e19",
            "smooth": false,
            "vertices": [
                "v12",
                "v14"
            ]
        },
        {
            "name": "e20",
            "smooth": false,
            "vertices": [
                "v12",
                "v16"
            ]
        },
        {
            "name": "e21",
            "smooth": false,
            "vertices": [
                "v12",
                "v18"
            ]
        },
        {
            "name": "e22",
            "smooth": false,
            "vertices": [
                "v12",
                "v21"
            ]
        },
        {
            "name": "e23",
            "smooth": false,
            "vertices": [
                "v13",
                "v14"
            ]
        },
        {
            "name": "e24",
            "smooth": false,
            "vertices": [
                "v13",
                "v19"
            ]
        },
        {
            "name": "e25",
            "smooth": false,
            "vertices": [
                "v14",
                "v21"
            ]
        },
        {
            "name": "e26",
            "smooth": false,
            "vertices": [
                "v15",
                "v19"
            ]
        },
        {
            "name": "e27",
            "smooth": false,
            "vertices": [
                "v16",
                "v20"
            ]
        },
        {
            "name": "e28",
            "smooth": false,
            "vertices": [
                "v17",
                "v18"
            ]
        },
        {
            "name": "e29",
            "smooth": false,
            "vertices": [
                "v17",
                "v23"
            ]
        },
        {
            "name": "e30",
            "smooth": false,
            "vertices": [
                "v18",
                "v22"
            ]
        },
        {
            "name": "e31",
            "smooth": false,
            "vertices": [
                "v20",
                "v21"
            ]
        },
        {
            "name": "e32",
            "smooth": false,
            "vertices": [
                "v20",
                "v22"
            ]
        },
        {
            "name": "e33",
            "smooth": false,
            "vertices": [
                "v20",
                "v23"
            ]
        },
        {
            "name": "e34",
            "smooth": false,
            "vertices": [
                "v21",
                "v22"
            ]
        },
        {
            "name": "e35",
            "smooth": false,
            "vertices": [
                "v21",
                "v23"
            ]
        },
        {
            "name": "e36",
            "smooth": false,
            "vertices": [
                "v24",
                "v25"
            ]
        },
        {
            "name": "e37",
            "smooth": false,
            "vertices": [
                "v24",
                "v26"
            ]
        },
        {
            "name": "e38",
            "smooth": false,
            "vertices": [
                "v24",
                "v28"
            ]
        },
        {
            "name": "e39",
            "smooth": false,
            "vertices": [
                "v24",
                "v30"
            ]
        },
        {
            "name": "e40",
            "smooth": false,
            "vertices": [
                "v24",
                "v33"
            ]
        },
        {
            "name": "e41",
            "smooth": false,
            "vertices": [
                "v25",
                "v26"
            ]
        },
        {
            "name": "e42",
            "smooth": false,
            "vertices": [
                "v25",
                "v31"
            ]
        },
        {
            "name": "e43",
            "smooth": false,
            "vertices": [
                "v26",
                "v33"
            ]
        },
        {
            "name": "e44",
            "smooth": false,
            "vertices": [
                "v27",
                "v31"
            ]
        },
        {
            "name": "e45",
            "smooth": false,
            "vertices": [
                "v28",
                "v32"
            ]
        },
        {
            "name": "e46",
            "smooth": false,
            "vertices": [
                "v29",
                "v30"
            ]
        },
        {
            "name": "e47",
            "smooth": false,
            "vertices": [
                "v29",
                "v35"
            ]
        },
        {
            "name": "e48",
            "smooth": false,
            "vertices": [
                "v30",
                "v34"
            ]
        },
        {
            "name": "e49",
            "smooth": false,
            "vertices": [
                "v32",
                "v33"
            ]
        },
        {
            "name": "e50",
            "smooth": false,
            "vertices": [
                "v32",
                "v34"
            ]
        },
        {
            "name": "e51",
            "smooth": false,
            "vertices": [
                "v32",
                "v35"
            ]
        },
        {
            "name": "e52",
            "smooth": false,
            "vertices": [
                "v33",
                "v34"
            ]
        },
        {
            "name": "e53",
            "smooth": false,
            "vertices": [
                "v33",
                "v35"
            ]
        },
        {
            "name": "e54",
            "smooth": false,
            "vertices": [
                "v36",
                "v37"
            ]
        },
        {
            "name": "e55",
            "smooth": false,
            "vertices": [
                "v36",
                "v38"
            ]
        },
        {
            "name": "e56",
            "smooth": false,
            "vertices": [
                "v36",
                "v40"
            ]
        },
        {
            "name": "e57",
            "smooth": false,
            "vertices": [
                "v36",
                "v42"
            ]
        },
        {
            "name": "e58",
            "smooth": false,
            "vertices": [
                "v36",
                "v45"
            ]
        },
        {
            "name": "e59",
            "smooth": false,
            "vertices": [
                "v37",
                "v38"
            ]
        },
        {
            "name": "e60",
            "smooth": false,
            "vertices": [
                "v37",
                "v43"
            ]
        },
        {
            "name": "e61",
            "smooth": false,
            "vertices": [
                "v38",
                "v45"
            ]
        },
        {
            "name": "e62",
            "smooth": false,
            "vertices": [
                "v39",
                "v43"
            ]
        },
        {
            "name": "e63",
            "smooth": false,
            "vertices": [
                "v40",
                "v44"
            ]
        },
        {
            "name": "e64",
            "smooth": false,
            "vertices": [
                "v41",
                "v42"
            ]
        },
        {
            "name": "e65",
            "smooth": false,
            "vertices": [
                "v41",
                "v47"
            ]
        },
        {
            "name": "e66",
            "smooth": false,
            "vertices": [
                "v42",
                "v46"
            ]
        },
        {
            "name": "e67",
            "smooth": false,
            "vertices": [
                "v44",
                "v45"
            ]
        },
        {
            "name": "e68",
            "smooth": false,
            "vertices": [
                "v44",
                "v46"
            ]
        },
        {
            "name": "e69",
            "smooth": false,
            "vertices": [
                "v44",
                "v47"
            ]
        },
        {
            "name": "e70",
            "smooth": false,
            "vertices": [
                "v45",
                "v46"
            ]
        },
        {
            "name": "e71",
            "smooth": false,
            "vertices": [
                "v45",
                "v47"
            ]
        },
        {
            "name": "e72",
            "smooth": false,
            "vertices": [
                "v48",
                "v49"
            ]
        },
        {
            "name": "e73",
            "smooth": false,
            "vertices": [
                "v48",
                "v50"
            ]
        },
        {
            "name": "e74",
            "smooth": false,
            "vertices": [
                "v48",
                "v52"
            ]
        },
        {
            "name": "e75",
            "smooth": false,
            "vertices": [
                "v48",
                "v54"
            ]
        },
        {
            "name": "e76",
            "smooth": false,
            "vertices": [
                "v48",
                "v57"
            ]
        },
        {
            "name": "e77",
            "smooth": false,
            "vertices": [
                "v49",
                "v50"
            ]
        },
        {
            "name": "e78",
            "smooth": false,
            "vertices": [
                "v49",
                "v55"
            ]
        },
        {
            "name": "e79",
            "smooth": false,
            "vertices": [
                "v50",
                "v57"
            ]
        },
        {
            "name": "e80",
            "smooth": false,
            "vertices": [
                "v51",
                "v55"
            ]
        },
        {
            "name": "e81",
            "smooth": false,
            "vertices": [
                "v52",
                "v56"
            ]
        },
        {
            "name": "e82",
            "smooth": false,
            "vertices": [
                "v53",
                "v54"
            ]
        },
        {
            "name": "e83",
            "smooth": false,
            "vertices": [
                "v53",
                "v59"
            ]
        },
        {
            "name": "e84",
            "smooth": false,
            "vertices": [
                "v54",
                "v58"
            ]
        },
        {
            "name": "e85",
            "smooth": false,
            "vertices": [
                "v56",
                "v57"
            ]
        },
        {
            "name": "e86",
            "smooth": false,
            "vertices": [
                "v56",
                "v58"
            ]
        },
        {
            "name": "e87",
            "smooth": false,
            "vertices": [
                "v56",
                "v59"
            ]
        },
        {
            "name": "e88",
            "smooth": false,
            "vertices": [
                "v57",
                "v58"
            ]
        },
        {
            "name": "e89",
            "smooth": false,
            "vertices": [
                "v57",
                "v59"
            ]
        },
        {
            "name": "e90",
            "smooth": false,
            "vertices": [
                "v60",
                "v61"
            ]
        },
        {
            "name": "e91",
            "smooth": false,
            "vertices": [
                "v60",
                "v62"
            ]
        },
        {
            "name": "e92",
            "smooth": false,
            "vertices": [
                "v60",
                "v64"
            ]
        },
        {
            "name": "e93",
            "smooth": false,
            "vertices": [
                "v60",
                "v66"
            ]
        },
        {
            "name": "e94",
            "smooth": false,
            "vertices": [
                "v60",
                "v69"
            ]
        },
        {
            "name": "e95",
            "smooth": false,
            "vertices": [
                "v61",
                "v62"
            ]
        },
        {
            "name": "e96",
            "smooth": false,
            "vertices": [
                "v61",
                "v67"
            ]
        },
        {
            "name": "e97",
            "smooth": false,
            "vertices": [
                "v62",
                "v69"
            ]
        },
        {
            "name": "e98",
            "smooth": false,
            "vertices": [
                "v63",
                "v67"
            ]
        },
        {
            "name": "e99",
            "smooth": false,
            "vertices": [
                "v64",
                "v68"
            ]
        },
        {
            "name": "e100",
            "smooth": false,
            "vertices": [
                "v65",
                "v66"
            ]
        },
        {
            "name": "e101",
            "smooth": false,
            "vertices": [
                "v65",
                "v71"
            ]
        },
        {
            "name": "e102",
            "smooth": false,
            "vertices": [
                "v66",
                "v70"
            ]
        },
        {
            "name": "e103",
            "smooth": false,
            "vertices": [
                "v68",
                "v69"
            ]
        },
        {
            "name": "e104",
            "smooth": false,
            "vertices": [
                "v68",
                "v70"
            ]
        },
        {
            "name": "e105",
            "smooth": false,
            "vertices": [
                "v68",
                "v71"
            ]
        },
        {
            "name": "e106",
            "smooth": false,
            "vertices": [
                "v69",
                "v70"
            ]
        },
        {
            "name": "e107",
            "smooth": false,
            "vertices": [
                "v69",
                "v71"
            ]
        },
        {
            "name": "e108",
            "smooth": false,
            "vertices": [
                "v72",
                "v73"
            ]
        },
        {
            "name": "e109",
            "smooth": false,
            "vertices": [
                "v72",
                "v74"
            ]
        },
        {
            "name": "e110",
            "smooth": false,
            "vertices": [
                "v72",
                "v76"
            ]
        },
        {
            "name": "e111",
            "smooth": false,
            "vertices": [
                "v72",
                "v78"
            ]
        },
        {
            "name": "e112",
            "smooth": false,
            "vertices": [
                "v72",
                "v81"
            ]
        },
        {
            "name": "e113",
            "smooth": false,
            "vertices": [
                "v73",
                "v74"
            ]
        },
        {
            "name": "e114",
            "smooth": false,
            "vertices": [
                "v73",
                "v79"
            ]
        },
        {
            "name": "e115",
            "smooth": false,
            "vertices": [
                "v74",
                "v81"
            ]
        },
        {
            "name": "e116",
            "smooth": false,
            "vertices": [
                "v75",
                "v79"
            ]
        },
        {
            "name": "e117",
            "smooth": false,
            "vertices": [
                "v76",
                "v80"
            ]
        },
        {
            "name": "e118",
            "smooth": false,
            "vertices": [
                "v77",
                "v78"
            ]
        },
        {
            "name": "e119",
            "smooth": false,
            "vertices": [
                "v77",
                "v83"
            ]
        },
        {
            "name": "e120",
            "smooth": false,
            "vertices": [
                "v78",
                "v82"
            ]
        },
        {
            "name": "e121",
            "smooth": false,
            "vertices": [
                "v80",
                "v81"
            ]
        },
        {
            "name": "e122",
            "smooth": false,
            "vertices": [
                "v80",
                "v82"
            ]
        },
        {
            "name": "e123",
            "smooth": false,
            "vertices": [
                "v80",
                "v83"
            ]
        },
        {
            "name": "e124",
            "smooth": false,
            "vertices": [
                "v81",
                "v82"
            ]
        },
        {
            "name": "e125",
            "smooth": false,
            "vertices": [
                "v81",
                "v83"
            ]
        },
        {
            "name": "e126",
            "smooth": false,
            "vertices": [
                "v84",
                "v85"
            ]
        },
        {
            "name": "e127",
            "smooth": false,
            "vertices": [
                "v84",
                "v86"
            ]
        },
        {
            "name": "e128",
            "smooth": false,
            "vertices": [
                "v84",
                "v88"
            ]
        },
        {
            "name": "e129",
            "smooth": false,
            "vertices": [
                "v84",
                "v90"
            ]
        },
        {
            "name": "e130",
            "smooth": false,
            "vertices": [
                "v84",
                "v93"
            ]
        },
        {
            "name": "e131",
            "smooth": false,
            "vertices": [
                "v85",
                "v86"
            ]
        },
        {
            "name": "e132",
            "smooth": false,
            "vertices": [
                "v85",
                "v91"
            ]
        },
        {
            "name": "e133",
            "smooth": false,
            "vertices": [
                "v86",
                "v93"
            ]
        },
        {
            "name": "e134",
            "smooth": false,
            "vertices": [
                "v87",
                "v91"
            ]
        },
        {
            "name": "e135",
            "smooth": false,
            "vertices": [
                "v88",
                "v92"
            ]
        },
        {
            "name": "e136",
            "smooth": false,
            "vertices": [
                "v89",
                "v90"
            ]
        },
        {
            "name": "e137",
            "smooth": false,
            "vertices": [
                "v89",
                "v95"
            ]
        },
        {
            "name": "e138",
            "smooth": false,
            "vertices": [
                "v90",
                "v94"
            ]
        },
        {
            "name": "e139",
            "smooth": false,
            "vertices": [
                "v92",
                "v93"
            ]
        },
        {
            "name": "e140",
            "smooth": false,
            "vertices": [
                "v92",
                "v94"
            ]
        },
        {
            "name": "e141",
            "smooth": false,
            "vertices": [
                "v92",
                "v95"
            ]
        },
        {
            "name": "e142",
            "smooth": false,
            "vertices": [
                "v93",
                "v94"
            ]
        },
        {
            "name": "e143",
            "smooth": false,
            "vertices": [
                "v93",
                "v95"
            ]
        }
    ]
}