{
    "operations": [
        {
            "name": "v0",
            "position": [
                0,
                0.7,
                0.9
            ]
        },
        {
            "name": "v1",
            "position": [
                1,
                0.2,
                0.2
            ]
        },
        {
            "name": "v2",
            "position": [
                0.7,
                0,
                0.3
            ]
        },
        {
            "name": "v3",
            "position": [
                0.7,
                1,
                0.8
            ]
        },
        {
            "name": "v4",
            "position": [
                0.1,
                0.4,
                0
            ]
        },
        {
            "name": "v5",
            "position": [
                0.2,
                0.3,
                1
            ]
        },
        {
            "name": "v6",
            "position": [
                0.2,
                1,
                0.4
            ]
        },
        {
            "name": "v7",
            "position": [
                1,
                0.5,
                0.8
            ]
        },
        {
            "name": "v8",
            "position": [
                0.0,
                0,
                0.8
            ]
        },
        {
            "name": "v9",
            "position": [
                0.1,
                0.9,
                1
            ]
        },
        {
            "name": "v10",
            "position": [
                0.8,
                0.6,
                0.5
            ]
        },
        {
            "name": "v11",
            "position": [
                0.7,
                0.4,
                0.1
            ]
        },
        {
            "name": "v12",
            "position": [
                0.6,
                0.4,
                0.4
            ]
        },
        {
            "name": "v13",
            "position": [
                0.7,
                0.4,
                0.8
            ]
        },
        {
            "name": "v14",
            "position": [
                0.8,
                0.7,
                0.3
            ]
        },
        {
            "name": "e0",
            "smooth": false,
            "vertices": [
                "v0",
                "v1"
            ]
        },
        {
            "name": "e1",
            "smooth": false,
            "vertices": [
                "v0",
                "v3"
            ]
        },
        {
            "name": "e2",
            "smooth": false,
            "vertices": [
                "v0",
                "v6"
            ]
        },
        {
            "name": "e3",
            "smooth": false,
            "vertices": [
                "v1",
                "v3"
            ]
        },
        {
            "name": "e4",
            "smooth": false,
            "vertices": [
                "v1",
                "v5"
            ]
        },
        {
            "name": "e5",
            "smooth": false,
            "vertices": [
                "v1",
                "v6"
            ]
        },
        {
            "name": "e6",
            "smooth": false,
            "vertices": [
                "v1",
                "v8"
            ]
        },
        {
            "name": "e7",
            "smooth": false,
            "vertices": [
                "v1",
                "v13"
            ]
        },
        {
            "name": "e8",
            "smooth": false,
            "vertices": [
                "v1",
                "v14"
            ]
        },
        {
            "name": "e9",
            "smooth": false,
            "vertices": [
                "v2",
                "v5"
            ]
        },
        {
            "name": "e10",
            "smooth": false,
            "vertices": [
                "v2",
                "v8"
            ]
        },
        {
            "name": "e11",
            "smooth": false,
            "vertices": [
                "v2",
                "v14"
            ]
        },
        {
            "name": "e12",
            "smooth": false,
            "vertices": [
                "v3",
                "v7"
            ]
        },
        {
            "name": "e13",
            "smooth": false,
            "vertices": [
                "v3",
                "v8"
            ]
        },
        {
            "name": "e14",
            "smooth": false,
            "vertices": [
                "v3",
                "v11"
            ]
        },
        {
            "name": "e15",
            "smooth": false,
            "vertices": [
                "v4",
                "v9"
            ]
        },
        {
            "name": "e16",
            "smooth": false,
            "vertices": [
                "v4",
                "v10"
            ]
        },
        {
            "name": "e17",
            "smooth": false,
            "vertices": [
                "v4",
                "v14"
            ]
        },
        {
            "name": "e18",
            "smooth": false,
            "vertices": [
                "v5",
                "v13"
            ]
        },
        {
            "name": "e19",
            "smooth": false,
            "vertices": [
                "v5",
                "v14"
            ]
        },
        {
            "name": "e20",
            "smooth": false,
            "vertices": [
                "v6",
                "v7"
            ]
        },
        {
            "name": "e21",
            "smooth": false,
            "vertices": [
                "v6",
                "v9"
            ]
        },
        {
            "name": "e22",
            "smooth": false,
            "vertices": [
                "v6",
                "v10"
            ]
        },
        {
            "name": "e23",
            "smooth": false,
            "vertices": [
                "v6",
                "v14"
            ]
        },
        {
            "name": "e24",
            "smooth": false,
            "vertices": [
                "v7",
                "v12"
            ]
        },
        {
            "name": "e25",
            "smooth": false,
            "vertices": [
                "v8",
                "v10"
            ]
        },
        {
            "name": "e26",
            "smooth": false,
            "vertices": [
                "v9",
                "v12"
            ]
        },
        {
            "name": "e27",
            "smooth": false,
            "vertices": [
                "v10",
                "v12"
            ]
        },
        {
            "name": "e28",
            "smooth": false,
            "vertices": [
                "v10",
                "v13"
            ]
        },
        {
            "name": "e29",
            "smooth": false,
            "vertices": [
                "v10",
                "v14"
            ]
        },
        {
            "name": "e30",
            "smooth": false,
            "vertices": [
                "v11",
                "v13"
            ]
        },
        {
            "name": "e31",
            "smooth": false,
            "vertices": [
                "v13",
                "v14"
            ]
        }
    ]
}