{
    "operations": [
        {
            "name": "v0",
            "position": [
                0,
                0.1,
                0.6
            ]
        },
        {
            "name": "v1",
            "position": [
                1,
                0.7,
                0.7
            ]
        },
        {
            "name": "v2",
            "position": [
                0.5,
                0,
                0.7
            ]
        },
        {
            "name": "v3",
            "position": [
                0.8,
                1,
                0.5
            ]
        },
        {
            "name": "v4",
            "position": [
                0.7,
                0.1,
                0
            ]
        },
        {
            "name": "v5",
            "position": [
                0.9,
                0.9,
                1
            ]
        },
        {
            "name": "v6",
            "position": [
                0.7,
                1,
                0.6
            ]
        },
        {
            "name": "v7",
            "position": [
                0.7,
                0.8,
                0.8
            ]
        },
        {
            "name": "v8",
            "position": [
                0.4,
                0.6,
                0.5
            ]
        },
        {
            "name": "v9",
            "position": [
                0.5,
                0.3,
                0.6
            ]
        },
        {
            "name": "v10",
            "position": [
                0.4,
                0.7,
                0.6
            ]
        },
        {
            "name": "v11",
            "position": [
                0,
                0.1,
                0.6
            ]
        },
        {
            "name": "v12",
            "position": [
                -1,
                0.7,
                0.7
            ]
        },
        {
            "name": "v13",
            "position": [
                -0.5,
                0,
                0.7
            ]
        },
        {
            "name": "v14",
            "position": [
                -0.8,
                1,
                0.5
            ]
        },
        {
            "name": "v15",
            "position": [
                -0.7,
                0.1,
                0
            ]
        },
        {
            "name": "v16",
            "position": [
                -0.9,
                0.9,
                1
            ]
        },
        {
            "name": "v17",
            "position": [
                -0.7,
                1,
                0.6
            ]
        },
        {
            "name": "v18",
            "position": [
                -0.7,
                0.8,
                0.8
            ]
        },
        {
            "name": "v19",
            "position": [
                -0.4,
                0.6,
                0.5
            ]
        },
        {
            "name": "v20",
            "position": [
                -0.5,
                0.3,
                0.6
            ]
        },
        {
            "name": "v21",
            "position": [
                -0.4,
                0.7,
                0.6
            ]
        },
        {
            "name": "v22",
            "position": [
                0,
                -0.1,
                0.6
            ]
        },
        {
            "name": "v23",
            "position": [
                1,
                -0.7,
                0.7
            ]
        },
        {
            "name": "v24",
            "position": [
                0.5,
                0,
                0.7
            ]
        },
        {
            "name": "v25",
            "position": [
                0.8,
                -1,
                0.5
            ]
        },
        {
            "name": "v26",
            "position": [
                0.7,
                -0.1,
                0
            ]
        },
        {
            "name": "v27",
            "position": [
                0.9,
                -0.9,
                1
            ]
        },
        {
            "name": "v28",
            "position": [
                0.7,
                -1,
                0.6
            ]
        },
        {
            "name": "v29",
            "position": [
                0.7,
                -0.8,
                0.8
            ]
        },
        {
            "name": "v30",
            "position": [
                0.4,
                -0.6,
                0.5
            ]
        },
        {
            "name": "v31",
            "position": [
                0.5,
                -0.3,
                0.6
            ]
        },
        {
            "name": "v32",
            "position": [
                0.4,
                -0.7,
                0.6
            ]
        },
        {
            "name": "v33",
            "position": [
                0,
                -0.1,
                0.6
            ]
        },
        {
            "name": "v34",
            "position": [
                -1,
                -0.7,
                0.7
            ]
        },
        {
            "name": "v35",
            "position": [
                -0.5,
                0,
                0.7
            ]
        },
        {
            "name": "v36",
            "position": [
                -0.8,
                -1,
                0.5
            ]
        },
        {
            "name": "v37",
            "position": [
                -0.7,
                -0.1,
                0
            ]
        },
        {
            "name": "v38",
            "position": [
                -0.9,
                -0.9,
                1
            ]
        },
        {
            "name": "v39",
            "position": [
                -0.7,
                -1,
                0.6
            ]
        },
        {
            "name": "v40",
            "position": [
                -0.7,
                -0.8,
                0.8
            ]
        },
        {
            "name": "v41",
            "position": [
                -0.4,
                -0.6,
                0.5
            ]
        },
        {
            "name": "v42",
            "position": [
                -0.5,
                -0.3,
                0.6
            ]
        },
        {
            "name": "v43",
            "position": [
                -0.4,
                -0.7,
                0.6
            ]
        },
        {
            "name": "v44",
            "position": [
                0,
                0.1,
                -0.6
            ]
        },
        {
            "name": "v45",
            "position": [
                1,
                0.7,
                -0.7
            ]
        },
        {
            "name": "v46",
            "position": [
                0.5,
                0,
                -0.7
            ]
        },
        {
            "name": "v47",
            "position": [
                0.8,
                1,
                -0.5
            ]
        },
        {
            "name": "v48",
            "position": [
                0.7,
                0.1,
                0
            ]
        },
        {
            "name": "v49",
            "position": [
                0.9,
                0.9,
                -1
            ]
        },
        {
            "name": "v50",
            "position": [
                0.7,
                1,
                -0.6
            ]
        },
        {
            "name": "v51",
            "position": [
                0.7,
                0.8,
                -0.8
            ]
        },
        {
            "name": "v52",
            "position": [
                0.4,
                0.6,
                -0.5
            ]
        },
        {
            "name": "v53",
            "position": [
                0.5,
                0.3,
                -0.6
            ]
        },
        {
            "name": "v54",
            "position": [
                0.4,
                0.7,
                -0.6
            ]
        },
        {
            "name": "v55",
            "position": [
                0,
                0.1,
                -0.6
            ]
        },
        {
            "name": "v56",
            "position": [
                -1,
                0.7,
                -0.7
            ]
        },
        {
            "name": "v57",
            "position": [
                -0.5,
                0,
                -0.7
            ]
        },
        {
            "name": "v58",
            "position": [
                -0.8,
                1,
                -0.5
            ]
        },
        {
            "name": "v59",
            "position": [
                -0.7,
                0.1,
                0
            ]
        },
        {
            "name": "v60",
            "position": [
                -0.9,
                0.9,
                -1
            ]
        },
        {
            "name": "v61",
            "position": [
                -0.7,
                1,
                -0.6
            ]
        },
        {
            "name": "v62",
            "position": [
                -0.7,
                0.8,
                -0.8
            ]
        },
        {
            "name": "v63",
            "position": [
                -0.4,
                0.6,
                -0.5
            ]
        },
        {
            "name": "v64",
            "position": [
                -0.5,
                0.3,
                -0.6
            ]
        },
        {
            "name": "v65",
            "position": [
                -0.4,
                0.7,
                -0.6
            ]
        },
        {
            "name": "v66",
            "position": [
                0,
                -0.1,
                -0.6
            ]
        },
        {
            "name": "v67",
            "position": [
                1,
                -0.7,
                -0.7
            ]
        },
        {
            "name": "v68",
            "position": [
                0.5,
                0,
                -0.7
            ]
        },
        {
            "name": "v69",
            "position": [
                0.8,
                -1,
                -0.5
            ]
        },
        {
            "name": "v70",
            "position": [
                0.7,
                -0.1,
                0
            ]
        },
        {
            "name": "v71",
            "position": [
                0.9,
                -0.9,
                -1
            ]
        },
        {
            "name": "v72",
            "position": [
                0.7,
                -1,
                -0.6
            ]
        },
        {
            "name": "v73",
            "position": [
                0.7,
                -0.8,
                -0.8
            ]
        },
        {
            "name": "v74",
            "position": [
                0.4,
                -0.6,
                -0.5
            ]
        },
        {
            "name": "v75",
            "position": [
                0.5,
                -0.3,
                -0.6
            ]
        },
        {
            "name": "v76",
            "position": [
                0.4,
                -0.7,
                -0.6
            ]
        },
        {
            "name": "v77",
            "position": [
                0,
                -0.1,
                -0.6
            ]
        },
        {
            "name": "v78",
            "position": [
                -1,
                -0.7,
                -0.7
            ]
        },
        {
            "name": "v79",
            "position": [
                -0.5,
                0,
                -0.7
            ]
        },
        {
            "name": "v80",
            "position": [
                -0.8,
                -1,
                -0.5
            ]
        },
        {
            "name": "v81",
            "position": [
                -0.7,
                -0.1,
                0
            ]
        },
        {
            "name": "v82",
            "position": [
                -0.9,
                -0.9,
                -1
            ]
        },
        {
            "name": "v83",
            "position": [
                -0.7,
                -1,
                -0.6
            ]
        },
        {
            "name": "v84",
            "position": [
                -0.7,
                -0.8,
                -0.8
            ]
        },
        {
            "name": "v85",
            "position": [
                -0.4,
                -0.6,
                -0.5
            ]
        },
        {
            "name": "v86",
            "position": [
                -0.5,
                -0.3,
                -0.6
            ]
        },
        {
            "name": "v87",
            "position": [
                -0.4,
                -0.7,
                -0.6
            ]
        },
        {
            "name": "e0",
            "smooth": false,
            "vertices": [
                "v0",
                "v3"
            ]
        },
        {
            "name": "e1",
            "smooth": false,
            "vertices": [
                "v0",
                "v10"
            ]
        },
        {
            "name": "e2",
            "smooth": false,
            "vertices": [
                "v1",
                "v3"
            ]
        },
        {
            "name": "e3",
            "smooth": false,
            "vertices": [
                "v1",
                "v5"
            ]
        },
        {
            "name": "e4",
            "smooth": false,
            "vertices": [
                "v1",
                "v8"
            ]
        },
        {
            "name": "e5",
            "smooth": false,
            "vertices": [
                "v1",
                "v9"
            ]
        },
        {
            "name": "e6",
            "smooth": false,
            "vertices": [
                "v2",
                "v8"
            ]
        },
        {
            "name": "e7",
            "smooth": false,
            "vertices": [
                "v2",
                "v10"
            ]
        },
        {
            "name": "e8",
            "smooth": false,
            "vertices": [
                "v4",
                "v5"
            ]
        },
        {
            "name": "e9",
            "smooth": false,
            "vertices": [
                "v4",
                "v6"
            ]
        },
        {
            "name": "e10",
            "smooth": false,
            "vertices": [
                "v5",
                "v6"
            ]
        },
        {
            "name": "e11",
            "smooth": false,
            "vertices": [
                "v6",
                "v7"
            ]
        },
        {
            "name": "e12",
            "smooth": false,
            "vertices": [
                "v6",
                "v8"
            ]
        },
        {
            "name": "e13",
            "smooth": false,
            "vertices": [
                "v9",
                "v10"
            ]
        },
        {
            "name": "e14",
            "smooth": false,
            "vertices": [
                "v11",
                "v14"
            ]
        },
        {
            "name": "e15",
            "smooth": false,
            "vertices": [
                "v11",
                "v21"
            ]
        },
        {
            "name": "e16",
            "smooth": false,
            "vertices": [
                "v12",
                "v14"
            ]
        },
        {
            "name": "e17",
            "smooth": false,
            "vertices": [
                "v12",
                "v16"
            ]
        },
        {
            "name": "e18",
            "smooth": false,
            "vertices": [
                "v12",
                "v19"
            ]
        },
        {
            "name": "e19",
            "smooth": false,
            "vertices": [
                "v12",
                "v20"
            ]
        },
        {
            "name": "e20",
            "smooth": false,
            "vertices": [
                "v13",
                "v19"
            ]
        },
        {
            "name": "e21",
            "smooth": false,
            "vertices": [
                "v13",
                "v21"
            ]
        },
        {
            "name": "e22",
            "smooth": false,
            "vertices": [
                "v15",
                "v16"
            ]
        },
        {
            "name": "e23",
            "smooth": false,
            "vertices": [
                "v15",
                "v17"
            ]
        },
        {
            "name": "e24",
            "smooth": false,
            "vertices": [
                "v16",
                "v17"
            ]
        },
        {
            "name": "e25",
            "smooth": false,
            "vertices": [
                "v17",
                "v18"
            ]
        },
        {
            "name": "e26",
            "smooth": false,
            "vertices": [
                "v17",
                "v19"
            ]
        },
        {
            "name": "e27",
            "smooth": false,
            "vertices": [
                "v20",
                "v21"
            ]
        },
        {
            "name": "e28",
            "smooth": false,
            "vertices": [
                "v22",
                "v25"
            ]
        },
        {
            "name": "e29",
            "smooth": false,
            "vertices": [
                "v22",
                "v32"
            ]
        },
        {
            "name": "e30",
            "smooth": false,
            "vertices": [
                "v23",
                "v25"
            ]
        },
        {
            "name": "e31",
            "smooth": false,
            "vertices": [
                "v23",
                "v27"
            ]
        },
        {
            "name": "e32",
            "smooth": false,
            "vertices": [
                "v23",
                "v30"
            ]
        },
        {
            "name": "e33",
            "smooth": false,
            "vertices": [
                "v23",
                "v31"
            ]
        },
        {
            "name": "e34",
            "smooth": false,
            "vertices": [
                "v24",
                "v30"
            ]
        },
        {
            "name": "e35",
            "smooth": false,
            "vertices": [
                "v24",
                "v32"
            ]
        },
        {
            "name": "e36",
            "smooth": false,
            "vertices": [
                "v26",
                "v27"
            ]
        },
        {
            "name": "e37",
            "smooth": false,
            "vertices": [
                "v26",
                "v28"
            ]
        },
        {
            "name": "e38",
            "smooth": false,
            "vertices": [
                "v27",
                "v28"
            ]
        },
        {
            "name": "e39",
            "smooth": false,
            "vertices": [
                "v28",
                "v29"
            ]
        },
        {
            "name": "e40",
            "smooth": false,
            "vertices": [
                "v28",
                "v30"
            ]
        },
        {
            "name": "e41",
            "smooth": false,
            "vertices": [
                "v31",
                "v32"
            ]
        },
        {
            "name": "e42",
            "smooth": false,
            "vertices": [
                "v33",
                "v36"
            ]
        },
        {
            "name": "e43",
            "smooth": false,
            "vertices": [
                "v33",
                "v43"
            ]
        },
        {
            "name": "e44",
            "smooth": false,
            "vertices": [
                "v34",
                "v36"
            ]
        },
        {
            "name": "e45",
            "smooth": false,
            "vertices": [
                "v34",
                "v38"
            ]
        },
        {
            "name": "e46",
            "smooth": false,
            "vertices": [
                "v34",
                "v41"
            ]
        },
        {
            "name": "e47",
            "smooth": false,
            "vertices": [
                "v34",
                "v42"
            ]
        },
        {
            "name": "e48",
            "smooth": false,
            "vertices": [
                "v35",
                "v41"
            ]
        },
        {
            "name": "e49",
            "smooth": false,
            "vertices": [
                "v35",
                "v43"
            ]
        },
        {
            "name": "e50",
            "smooth": false,
            "vertices": [
                "v37",
                "v38"
            ]
        },
        {
            "name": "e51",
            "smooth": false,
            "vertices": [
                "v37",
                "v39"
            ]
        },
        {
            "name": "e52",
            "smooth": false,
            "vertices": [
                "v38",
                "v39"
            ]
        },
        {
            "name": "e53",
            "smooth": false,
            "vertices": [
                "v39",
                "v40"
            ]
        },
        {
            "name": "e54",
            "smooth": false,
            "vertices": [
                "v39",
                "v41"
            ]
        },
        {
            "name": "e55",
            "smooth": false,
            "vertices": [
                "v42",
                "v43"
            ]
        },
        {
            "name": "e56",
            "smooth": false,
            "vertices": [
                "v44",
                "v47"
            ]
        },
        {
            "name": "e57",
            "smooth": false,
            "vertices": [
                "v44",
                "v54"
            ]
        },
        {
            "name": "e58",
            "smooth": false,
            "vertices": [
                "v45",
                "v47"
            ]
        },
        {
            "name": "e59",
            "smooth": false,
            "vertices": [
                "v45",
                "v49"
            ]
        },
        {
            "name": "e60",
            "smooth": false,
            "vertices": [
                "v45",
                "v52"
            ]
        },
        {
            "name": "e61",
            "smooth": false,
            "vertices": [
                "v45",
                "v53"
            ]
        },
        {
            "name": "e62",
            "smooth": false,
            "vertices": [
                "v46",
                "v52"
            ]
        },
        {
            "name": "e63",
            "smooth": false,
            "vertices": [
                "v46",
                "v54"
            ]
        },
        {
            "name": "e64",
            "smooth": false,
            "vertices": [
                "v48",
                "v49"
            ]
        },
        {
            "name": "e65",
            "smooth": false,
            "vertices": [
                "v48",
                "v50"
            ]
        },
        {
            "name": "e66",
            "smooth": false,
            "vertices": [
                "v49",
                "v50"
            ]
        },
        {
            "name": "e67",
            "smooth": false,
            "vertices": [
                "v50",
                "v51"
            ]
        },
        {
            "name": "e68",
            "smooth": false,
            "vertices": [
                "v50",
                "v52"
            ]
        },
        {
            "name": "e69",
            "smooth": false,
            "vertices": [
                "v53",
                "v54"
            ]
        },
        {
            "name": "e70",
            "smooth": false,
            "vertices": [
                "v55",
                "v58"
            ]
        },
        {
            "name": "e71",
            "smooth": false,
            "vertices": [
                "v55",
                "v65"
            ]
        },
        {
            "name": "e72",
            "smooth": false,
            "vertices": [
                "v56",
                "v58"
            ]
        },
        {
            "name": "e73",
            "smooth": false,
            "vertices": [
                "v56",
                "v60"
            ]
        },
        {
            "name": "e74",
            "smooth": false,
            "vertices": [
                "v56",
                "v63"
            ]
        },
        {
            "name": "e75",
            "smooth": false,
            "vertices": [
                "v56",
                "v64"
            ]
        },
        {
            "name": "e76",
            "smooth": false,
            "vertices": [
                "v57",
                "v63"
            ]
        },
        {
            "name": "e77",
            "smooth": false,
            "vertices": [
                "v57",
                "v65"
            ]
        },
        {
            "name": "e78",
            "smooth": false,
            "vertices": [
                "v59",
                "v60"
            ]
        },
        {
            "name": "e79",
            "smooth": false,
            "vertices": [
                "v59",
                "v61"
            ]
        },
        {
            "name": "e80",
            "smooth": false,
            "vertices": [
                "v60",
                "v61"
            ]
        },
        {
            "name": "e81",
            "smooth": false,
            "vertices": [
                "v61",
                "v62"
            ]
        },
        {
            "name": "e82",
            "smooth": false,
            "vertices": [
                "v61",
                "v63"
            ]
        },
        {
            "name": "e83",
            "smooth": false,
            "vertices": [
                "v64",
                "v65"
            ]
        },
        {
            "name": "e84",
            "smooth": false,
            "vertices": [
                "v66",
                "v69"
            ]
        },
        {
            "name": "e85",
            "smooth": false,
            "vertices": [
                "v66",
                "v76"
            ]
        },
        {
            "name": "e86",
            "smooth": false,
            "vertices": [
                "v67",
                "v69"
            ]
        },
        {
            "name": "e87",
            "smooth": false,
            "vertices": [
                "v67",
                "v71"
            ]
        },
        {
            "name": "e88",
            "smooth": false,
            "vertices": [
                "v67",
                "v74"
            ]
        },
        {
            "name": "e89",
            "smooth": false,
            "vertices": [
                "v67",
                "v75"
            ]
        },
        {
            "name": "e90",
            "smooth": false,
            "vertices": [
                "v68",
                "v74"
            ]
        },
        {
            "name": "e91",
            "smooth": false,
            "vertices": [
                "v68",
                "v76"
            ]
        },
        {
            "name": "e92",
            "smooth": false,
            "vertices": [
                "v70",
                "v71"
            ]
        },
        {
            "name": "e93",
            "smooth": false,
            "vertices": [
                "v70",
                "v72"
            ]
        },
        {
            "name": "e94",
            "smooth": false,
            "vertices": [
                "v71",
                "v72"
            ]
        },
        {
            "name": "e95",
            "smooth": false,
            "vertices": [
                "v72",
                "v73"
            ]
        },
        {
            "name": "e96",
            "smooth": false,
            "vertices": [
                "v72",
                "v74"
            ]
        },
        {
            "name": "e97",
            "smooth": false,
            "vertices": [
                "v75",
                "v76"
            ]
        },
        {
            "name": "e98",
            "smooth": false,
            "vertices": [
                "v77",
                "v80"
            ]
        },
        {
            "name": "e99",
            "smooth": false,
            "vertices": [
                "v77",
                "v87"
            ]
        },
        {
            "name": "e100",
            "smooth": false,
            "vertices": [
                "v78",
                "v80"
            ]
        },
        {
            "name": "e101",
            "smooth": false,
            "vertices": [
                "v78",
                "v82"
            ]
        },
        {
            "name": "e102",
            "smooth": false,
            "vertices": [
                "v78",
                "v85"
            ]
        },
        {
            "name": "e103",
            "smooth": false,
            "vertices": [
                "v78",
                "v86"
            ]
        },
        {
            "name": "e104",
            "smooth": false,
            "vertices": [
                "v79",
                "v85"
            ]
        },
        {
            "name": "e105",
            "smooth": false,
            "vertices": [
                "v79",
                "v87"
            ]
        },
        {
            "name": "e106",
            "smooth": false,
            "vertices": [
                "v81",
                "v82"
            ]
        },
        {
            "name": "e107",
            "smooth": false,
            "vertices": [
                "v81",
                "v83"
            ]
        },
        {
            "name": "e108",
            "smooth": false,
            "vertices": [
                "v82",
                "v83"
            ]
        },
        {
            "name": "e109",
            "smooth": false,
            "vertices": [
                "v83",
                "v84"
            ]
        },
        {
            "name": "e110",
            "smooth": false,
            "vertices": [
                "v83",
                "v85"
            ]
        },
        {
            "name": "e111",
            "smooth": false,
            "vertices": [
                "v86",
                "v87"
            ]
        }
    ]
}