{
    "operations": [
        {
            "name": "v0",
            "position": [
                0,
                0.6,
                0.6
            ]
        },
        {
            "name": "v1",
            "position": [
                1,
                0.1,
                0.5
            ]
        },
        {
            "name": "v2",
            "position": [
                0.9,
                0,
                0.4
            ]
        },
        {
            "name": "v3",
            "position": [
                0.8,
                1,
                0.6
            ]
        },
        {
            "name": "v4",
            "position": [
                0.1,
                0.9,
                0
            ]
        },
        {
            "name": "v5",
            "position": [
                0.6,
                0.3,
                1
            ]
        },
        {
            "name": "v6",
            "position": [
                0.2,
                0.6,
                0.3
            ]
        },
        {
            "name": "v7",
            "position": [
                0,
                0.6,
                0.6
            ]
        },
        {
            "name": "v8",
            "position": [
                -1,
                0.1,
                0.5
            ]
        },
        {
            "name": "v9",
            "position": [
                -0.9,
                0,
                0.4
            ]
        },
        {
            "name": "v10",
            "position": [
                -0.8,
                1,
                0.6
            ]
        },
        {
            "name": "v11",
            "position": [
                -0.1,
                0.9,
                0
            ]
        },
        {
            "name": "v12",
            "position": [
                -0.6,
                0.3,
                1
            ]
        },
        {
            "name": "v13",
            "position": [
                -0.2,
                0.6,
                0.3
            ]
        },
        {
            "name": "v14",
            "position": [
                0,
                -0.6,
                0.6
            ]
        },
        {
            "name": "v15",
            "position": [
                1,
                -0.1,
                0.5
            ]
        },
        {
            "name": "v16",
            "position": [
                0.9,
                0,
                0.4
            ]
        },
        {
            "name": "v17",
            "position": [
                0.8,
                -1,
                0.6
            ]
        },
        {
            "name": "v18",
            "position": [
                0.1,
                -0.9,
                0
            ]
        },
        {
            "name": "v19",
            "position": [
                0.6,
                -0.3,
                1
            ]
        },
        {
            "name": "v20",
            "position": [
                0.2,
                -0.6,
                0.3
            ]
        },
        {
            "name": "v21",
            "position": [
                0,
                -0.6,
                0.6
            ]
        },
        {
            "name": "v22",
            "position": [
                -1,
                -0.1,
                0.5
            ]
        },
        {
            "name": "v23",
            "position": [
                -0.9,
                0,
                0.4
            ]
        },
        {
            "name": "v24",
            "position": [
                -0.8,
                -1,
                0.6
            ]
        },
        {
            "name": "v25",
            "position": [
                -0.1,
                -0.9,
                0
            ]
        },
        {
            "name": "v26",
            "position": [
                -0.6,
                -0.3,
                1
            ]
        },
        {
            "name": "v27",
            "position": [
                -0.2,
                -0.6,
                0.3
            ]
        },
        {
            "name": "v28",
            "position": [
                0,
                0.6,
                -0.6
            ]
        },
        {
            "name": "v29",
            "position": [
                1,
                0.1,
                -0.5
            ]
        },
        {
            "name": "v30",
            "position": [
                0.9,
                0,
                -0.4
            ]
        },
        {
            "name": "v31",
            "position": [
                0.8,
                1,
                -0.6
            ]
        },
        {
            "name": "v32",
            "position": [
                0.1,
                0.9,
                0
            ]
        },
        {
            "name": "v33",
            "position": [
                0.6,
                0.3,
                -1
            ]
        },
        {
            "name": "v34",
            "position": [
                0.2,
                0.6,
                -0.3
            ]
        },
        {
            "name": "v35",
            "position": [
                0,
                0.6,
                -0.6
            ]
        },
        {
            "name": "v36",
            "position": [
                -1,
                0.1,
                -0.5
            ]
        },
        {
            "name": "v37",
            "position": [
                -0.9,
                0,
                -0.4
            ]
        },
        {
            "name": "v38",
            "position": [
                -0.8,
                1,
                -0.6
            ]
        },
        {
            "name": "v39",
            "position": [
                -0.1,
                0.9,
                0
            ]
        },
        {
            "name": "v40",
            "position": [
                -0.6,
                0.3,
                -1
            ]
        },
        {
            "name": "v41",
            "position": [
                -0.2,
                0.6,
                -0.3
            ]
        },
        {
            "name": "v42",
            "position": [
                0,
                -0.6,
                -0.6
            ]
        },
        {
            "name": "v43",
            "position": [
                1,
                -0.1,
                -0.5
            ]
        },
        {
            "name": "v44",
            "position": [
                0.9,
                0,
                -0.4
            ]
        },
        {
            "name": "v45",
            "position": [
                0.8,
                -1,
                -0.6
            ]
        },
        {
            "name": "v46",
            "position": [
                0.1,
                -0.9,
                0
            ]
        },
        {
            "name": "v47",
            "position": [
                0.6,
                -0.3,
                -1
            ]
        },
        {
            "name": "v48",
            "position": [
                0.2,
                -0.6,
                -0.3
            ]
        },
        {
            "name": "v49",
            "position": [
                0,
                -0.6,
                -0.6
            ]
        },
        {
            "name": "v50",
            "position": [
                -1,
                -0.1,
                -0.5
            ]
        },
        {
            "name": "v51",
            "position": [
                -0.9,
                0,
                -0.4
            ]
        },
        {
            "name": "v52",
            "position": [
                -0.8,
                -1,
                -0.6
            ]
        },
        {
            "name": "v53",
            "position": [
                -0.1,
                -0.9,
                0
            ]
        },
        {
            "name": "v54",
            "position": [
                -0.6,
                -0.3,
                -1
            ]
        },
        {
            "name": "v55",
            "position": [
                -0.2,
                -0.6,
                -0.3
            ]
        },
        {
            "name": "e0",
            "smooth": false,
            "vertices": [
                "v0",
                "v3"
            ]
        },
        {
            "name": "e1",
            "smooth": false,
            "vertices": [
                "v0",
                "v4"
            ]
        },
        {
            "name": "e2",
            "smooth": false,
            "vertices": [
                "v0",
                "v5"
            ]
        },
        {
            "name": "e3",
            "smooth": false,
            "vertices": [
                "v1",
                "v3"
            ]
        },
        {
            "name": "e4",
            "smooth": false,
            "vertices": [
                "v1",
                "v4"
            ]
        },
        {
            "name": "e5",
            "smooth": false,
            "vertices": [
                "v1",
                "v5"
            ]
        },
        {
            "name": "e6",
            "smooth": false,
            "vertices": [
                "v1",
                "v6"
            ]
        },
        {
            "name": "e7",
            "smooth": false,
            "vertices": [
                "v2",
                "v3"
            ]
        },
        {
            "name": "e8",
            "smooth": false,
            "vertices": [
                "v2",
                "v4"
            ]
        },
        {
            "name": "e9",
            "smooth": false,
            "vertices": [
                "v2",
                "v5"
            ]
        },
        {
            "name": "e10",
            "smooth": false,
            "vertices": [
                "v2",
                "v6"
            ]
        },
        {
            "name": "e11",
            "smooth": false,
            "vertices": [
                "v3",
                "v4"
            ]
        },
        {
            "name": "e12",
            "smooth": false,
            "vertices": [
                "v3",
                "v6"
            ]
        },
        {
            "name": "e13",
            "smooth": false,
            "vertices": [
                "v7",
                "v10"
            ]
        },
        {
            "name": "e14",
            "smooth": false,
            "vertices": [
                "v7",
                "v11"
            ]
        },
        {
            "name": "e15",
            "smooth": false,
            "vertices": [
                "v7",
                "v12"
            ]
        },
        {
            "name": "e16",
            "smooth": false,
            "vertices": [
                "v8",
                "v10"
            ]
        },
        {
            "name": "e17",
            "smooth": false,
            "vertices": [
                "v8",
                "v11"
            ]
        },
        {
            "name": "e18",
            "smooth": false,
            "vertices": [
                "v8",
                "v12"
            ]
        },
        {
            "name": "e19",
            "smooth": false,
            "vertices": [
                "v8",
                "v13"
            ]
        },
        {
            "name": "e20",
            "smooth": false,
            "vertices": [
                "v9",
                "v10"
            ]
        },
        {
            "name": "e21",
            "smooth": false,
            "vertices": [
                "v9",
                "v11"
            ]
        },
        {
            "name": "e22",
            "smooth": false,
            "vertices": [
                "v9",
                "v12"
            ]
        },
        {
            "name": "e23",
            "smooth": false,
            "vertices": [
                "v9",
                "v13"
            ]
        },
        {
            "name": "e24",
            "smooth": false,
            "vertices": [
                "v10",
                "v11"
            ]
        },
        {
            "name": "e25",
            "smooth": false,
            "vertices": [
                "v10",
                "v13"
            ]
        },
        {
            "name": "e26",
            "smooth": false,
            "vertices": [
                "v14",
                "v17"
            ]
        },
        {
            "name": "e27",
            "smooth": false,
            "vertices": [
                "v14",
                "v18"
            ]
        },
        {
            "name": "e28",
            "smooth": false,
            "vertices": [
                "v14",
                "v19"
            ]
        },
        {
            "name": "e29",
            "smooth": false,
            "vertices": [
                "v15",
                "v17"
            ]
        },
        {
            "name": "e30",
            "smooth": false,
            "vertices": [
                "v15",
                "v18"
            ]
        },
        {
            "name": "e31",
            "smooth": false,
            "vertices": [
                "v15",
                "v19"
            ]
        },
        {
            "name": "e32",
            "smooth": false,
            "vertices": [
                "v15",
                "v20"
            ]
        },
        {
            "name": "e33",
            "smooth": false,
            "vertices": [
                "v16",
                "v17"
            ]
        },
        {
            "name": "e34",
            "smooth": false,
            "vertices": [
                "v16",
                "v18"
            ]
        },
        {
            "name": "e35",
            "smooth": false,
            "vertices": [
                "v16",
                "v19"
            ]
        },
        {
            "name": "e36",
            "smooth": false,
            "vertices": [
                "v16",
                "v20"
            ]
        },
        {
            "name": "e37",
            "smooth": false,
            "vertices": [
                "v17",
                "v18"
            ]
        },
        {
            "name": "e38",
            "smooth": false,
            "vertices": [
                "v17",
                "v20"
            ]
        },
        {
            "name": "e39",
            "smooth": false,
            "vertices": [
                "v21",
                "v24"
            ]
        },
        {
            "name": "e40",
            "smooth": false,
            "vertices": [
                "v21",
                "v25"
            ]
        },
        {
            "name": "e41",
            "smooth": false,
            "vertices": [
                "v21",
                "v26"
            ]
        },
        {
            "name": "e42",
            "smooth": false,
            "vertices": [
                "v22",
                "v24"
            ]
        },
        {
            "name": "e43",
            "smooth": false,
            "vertices": [
                "v22",
                "v25"
            ]
        },
        {
            "name": "e44",
            "smooth": false,
            "vertices": [
                "v22",
                "v26"
            ]
        },
        {
            "name": "e45",
            "smooth": false,
            "vertices": [
                "v22",
                "v27"
            ]
        },
        {
            "name": "e46",
            "smooth": false,
            "vertices": [
                "v23",
                "v24"
            ]
        },
        {
            "name": "e47",
            "smooth": false,
            "vertices": [
                "v23",
                "v25"
            ]
        },
        {
            "name": "e48",
            "smooth": false,
            "vertices": [
                "v23",
                "v26"
            ]
        },
        {
            "name": "e49",
            "smooth": false,
            "vertices": [
                "v23",
                "v27"
            ]
        },
        {
            "name": "e50",
            "smooth": false,
            "vertices": [
                "v24",
                "v25"
            ]
        },
        {
            "name": "e51",
            "smooth": false,
            "vertices": [
                "v24",
                "v27"
            ]
        },
        {
            "name": "e52",
            "smooth": false,
            "vertices": [
                "v28",
                "v31"
            ]
        },
        {
            "name": "e53",
            "smooth": false,
            "vertices": [
                "v28",
                "v32"
            ]
        },
        {
            "name": "e54",
            "smooth": false,
            "vertices": [
                "v28",
                "v33"
            ]
        },
        {
            "name": "e55",
            "smooth": false,
            "vertices": [
                "v29",
                "v31"
            ]
        },
        {
            "name": "e56",
            "smooth": false,
            "vertices": [
                "v29",
                "v32"
            ]
        },
        {
            "name": "e57",
            "smooth": false,
            "vertices": [
                "v29",
                "v33"
            ]
        },
        {
            "name": "e58",
            "smooth": false,
            "vertices": [
                "v29",
                "v34"
            ]
        },
        {
            "name": "e59",
            "smooth": false,
            "vertices": [
                "v30",
                "v31"
            ]
        },
        {
            "name": "e60",
            "smooth": false,
            "vertices": [
                "v30",
                "v32"
            ]
        },
        {
            "name": "e61",
            "smooth": false,
            "vertices": [
                "v30",
                "v33"
            ]
        },
        {
            "name": "e62",
            "smooth": false,
            "vertices": [
                "v30",
                "v34"
            ]
        },
        {
            "name": "e63",
            "smooth": false,
            "vertices": [
                "v31",
                "v32"
            ]
        },
        {
            "name": "e64",
            "smooth": false,
            "vertices": [
                "v31",
                "v34"
            ]
        },
        {
            "name": "e65",
            "smooth": false,
            "vertices": [
                "v35",
                "v38"
            ]
        },
        {
            "name": "e66",
            "smooth": false,
            "vertices": [
                "v35",
                "v39"
            ]
        },
        {
            "name": "e67",
            "smooth": false,
            "vertices": [
                "v35",
                "v40"
            ]
        },
        {
            "name": "e68",
            "smooth": false,
            "vertices": [
                "v36",
                "v38"
            ]
        },
        {
            "name": "e69",
            "smooth": false,
            "vertices": [
                "v36",
                "v39"
            ]
        },
        {
            "name": "e70",
            "smooth": false,
            "vertices": [
                "v36",
                "v40"
            ]
        },
        {
            "name": "e71",
            "smooth": false,
            "vertices": [
                "v36",
                "v41"
            ]
        },
        {
            "name": "e72",
            "smooth": false,
            "vertices": [
                "v37",
                "v38"
            ]
        },
        {
            "name": "e73",
            "smooth": false,
            "vertices": [
                "v37",
                "v39"
            ]
        },
        {
            "name": "e74",
            "smooth": false,
            "vertices": [
                "v37",
                "v40"
            ]
        },
        {
            "name": "e75",
            "smooth": false,
            "vertices": [
                "v37",
                "v41"
            ]
        },
        {
            "name": "e76",
            "smooth": false,
            "vertices": [
                "v38",
                "v39"
            ]
        },
        {
            "name": "e77",
            "smooth": false,
            "vertices": [
                "v38",
                "v41"
            ]
        },
        {
            "name": "e78",
            "smooth": false,
            "vertices": [
                "v42",
                "v45"
            ]
        },
        {
            "name": "e79",
            "smooth": false,
            "vertices": [
                "v42",
                "v46"
            ]
        },
        {
            "name": "e80",
            "smooth": false,
            "vertices": [
                "v42",
                "v47"
            ]
        },
        {
            "name": "e81",
            "smooth": false,
            "vertices": [
                "v43",
                "v45"
            ]
        },
        {
            "name": "e82",
            "smooth": false,
            "vertices": [
                "v43",
                "v46"
            ]
        },
        {
            "name": "e83",
            "smooth": false,
            "vertices": [
                "v43",
                "v47"
            ]
        },
        {
            "name": "e84",
            "smooth": false,
            "vertices": [
                "v43",
                "v48"
            ]
        },
        {
            "name": "e85",
            "smooth": false,
            "vertices": [
                "v44",
                "v45"
            ]
        },
        {
            "name": "e86",
            "smooth": false,
            "vertices": [
                "v44",
                "v46"
            ]
        },
        {
            "name": "e87",
            "smooth": false,
            "vertices": [
                "v44",
                "v47"
            ]
        },
        {
            "name": "e88",
            "smooth": false,
            "vertices": [
                "v44",
                "v48"
            ]
        },
        {
            "name": "e89",
            "smooth": false,
            "vertices": [
                "v45",
                "v46"
            ]
        },
        {
            "name": "e90",
            "smooth": false,
            "vertices": [
                "v45",
                "v48"
            ]
        },
        {
            "name": "e91",
            "smooth": false,
            "vertices": [
                "v49",
                "v52"
            ]
        },
        {
            "name": "e92",
            "smooth": false,
            "vertices": [
                "v49",
                "v53"
            ]
        },
        {
            "name": "e93",
            "smooth": false,
            "vertices": [
                "v49",
                "v54"
            ]
        },
        {
            "name": "e94",
            "smooth": false,
            "vertices": [
                "v50",
                "v52"
            ]
        },
        {
            "name": "e95",
            "smooth": false,
            "vertices": [
                "v50",
                "v53"
            ]
        },
        {
            "name": "e96",
            "smooth": false,
            "vertices": [
                "v50",
                "v54"
            ]
        },
        {
            "name": "e97",
            "smooth": false,
            "vertices": [
                "v50",
                "v55"
            ]
        },
        {
            "name": "e98",
            "smooth": false,
            "vertices": [
                "v51",
                "v52"
            ]
        },
        {
            "name": "e99",
            "smooth": false,
            "vertices": [
                "v51",
                "v53"
            ]
        },
        {
            "name": "e100",
            "smooth": false,
            "vertices": [
                "v51",
                "v54"
            ]
        },
        {
            "name": "e101",
            "smooth": false,
            "vertices": [
                "v51",
                "v55"
            ]
        },
        {
            "name": "e102",
            "smooth": false,
            "vertices": [
                "v52",
                "v53"
            ]
        },
        {
            "name": "e103",
            "smooth": false,
            "vertices": [
                "v52",
                "v55"
            ]
        }
    ]
}