{
    "operations": [
        {
            "name": "v0",
            "position": [
                0,
                0.6,
                0.4
            ]
        },
        {
            "name": "v1",
            "position": [
                1,
                0.3,
                0.4
            ]
        },
        {
            "name": "v2",
            "position": [
                0.2,
                0,
                0.0
            ]
        },
        {
            "name": "v3",
            "position": [
                0.8,
                1,
                0.6
            ]
        },
        {
            "name": "v4",
            "position": [
                0.6,
                0.3,
                0
            ]
        },
        {
            "name": "v5",
            "position": [
                0.3,
                0.4,
                1
            ]
        },
        {
            "name": "v6",
            "position": [
                0,
                0.9,
                0.1
            ]
        },
        {
            "name": "v7",
            "position": [
                0.5,
                0.6,
                0.7
            ]
        },
        {
            "name": "v8",
            "position": [
                0,
                0.6,
                0.4
            ]
        },
        {
            "name": "v9",
            "position": [
                -1,
                0.3,
                0.4
            ]
        },
        {
            "name": "v10",
            "position": [
                -0.2,
                0,
                0.0
            ]
        },
        {
            "name": "v11",
            "position": [
                -0.8,
                1,
                0.6
            ]
        },
        {
            "name": "v12",
            "position": [
                -0.6,
                0.3,
                0
            ]
        },
        {
            "name": "v13",
            "position": [
                -0.3,
                0.4,
                1
            ]
        },
        {
            "name": "v14",
            "position": [
                0,
                0.9,
                0.1
            ]
        },
        {
            "name": "v15",
            "position": [
                -0.5,
                0.6,
                0.7
            ]
        },
        {
            "name": "v16",
            "position": [
                0,
                -0.6,
                0.4
            ]
        },
        {
            "name": "v17",
            "position": [
                1,
                -0.3,
                0.4
            ]
        },
        {
            "name": "v18",
            "position": [
                0.2,
                0,
                0.0
            ]
        },
        {
            "name": "v19",
            "position": [
                0.8,
                -1,
                0.6
            ]
        },
        {
            "name": "v20",
            "position": [
                0.6,
                -0.3,
                0
            ]
        },
        {
            "name": "v21",
            "position": [
                0.3,
                -0.4,
                1
            ]
        },
        {
            "name": "v22",
            "position": [
                0,
                -0.9,
                0.1
            ]
        },
        {
            "name": "v23",
            "position": [
                0.5,
                -0.6,
                0.7
            ]
        },
        {
            "name": "v24",
            "position": [
                0,
                -0.6,
                0.4
            ]
        },
        {
            "name": "v25",
            "position": [
                -1,
                -0.3,
                0.4
            ]
        },
        {
            "name": "v26",
            "position": [
                -0.2,
                0,
                0.0
            ]
        },
        {
            "name": "v27",
            "position": [
                -0.8,
                -1,
                0.6
            ]
        },
        {
            "name": "v28",
            "position": [
                -0.6,
                -0.3,
                0
            ]
        },
        {
            "name": "v29",
            "position": [
                -0.3,
                -0.4,
                1
            ]
        },
        {
            "name": "v30",
            "position": [
                0,
                -0.9,
                0.1
            ]
        },
        {
            "name": "v31",
            "position": [
                -0.5,
                -0.6,
                0.7
            ]
        },
        {
            "name": "v32",
            "position": [
                0,
                0.6,
                -0.4
            ]
        },
        {
            "name": "v33",
            "position": [
                1,
                0.3,
                -0.4
            ]
        },
        {
            "name": "v34",
            "position": [
                0.2,
                0,
                -0.0
            ]
        },
        {
            "name": "v35",
            "position": [
                0.8,
                1,
                -0.6
            ]
        },
        {
            "name": "v36",
            "position": [
                0.6,
                0.3,
                0
            ]
        },
        {
            "name": "v37",
            "position": [
                0.3,
                0.4,
                -1
            ]
        },
        {
            "name": "v38",
            "position": [
                0,
                0.9,
                -0.1
            ]
        },
        {
            "name": "v39",
            "position": [
                0.5,
                0.6,
                -0.7
            ]
        },
        {
            "name": "v40",
            "position": [
                0,
                0.6,
                -0.4
            ]
        },
        {
            "name": "v41",
            "position": [
                -1,
                0.3,
                -0.4
            ]
        },
        {
            "name": "v42",
            "position": [
                -0.2,
                0,
                -0.0
            ]
        },
        {
            "name": "v43",
            "position": [
                -0.8,
                1,
                -0.6
            ]
        },
        {
            "name": "v44",
            "position": [
                -0.6,
                0.3,
                0
            ]
        },
        {
            "name": "v45",
            "position": [
                -0.3,
                0.4,
                -1
            ]
        },
        {
            "name": "v46",
            "position": [
                0,
                0.9,
                -0.1
            ]
        },
        {
            "name": "v47",
            "position": [
                -0.5,
                0.6,
                -0.7
            ]
        },
        {
            "name": "v48",
            "position": [
                0,
                -0.6,
                -0.4
            ]
        },
        {
            "name": "v49",
            "position": [
                1,
                -0.3,
                -0.4
            ]
        },
        {
            "name": "v50",
            "position": [
                0.2,
                0,
                -0.0
            ]
        },
        {
            "name": "v51",
            "position": [
                0.8,
                -1,
                -0.6
            ]
        },
        {
            "name": "v52",
            "position": [
                0.6,
                -0.3,
                0
            ]
        },
        {
            "name": "v53",
            "position": [
                0.3,
                -0.4,
                -1
            ]
        },
        {
            "name": "v54",
            "position": [
                0,
                -0.9,
                -0.1
            ]
        },
        {
            "name": "v55",
            "position": [
                0.5,
                -0.6,
                -0.7
            ]
        },
        {
            "name": "v56",
            "position": [
                0,
                -0.6,
                -0.4
            ]
        },
        {
            "name": "v57",
            "position": [
                -1,
                -0.3,
                -0.4
            ]
        },
        {
            "name": "v58",
            "position": [
                -0.2,
                0,
                -0.0
            ]
        },
        {
            "name": "v59",
            "position": [
                -0.8,
                -1,
                -0.6
            ]
        },
        {
            "name": "v60",
            "position": [
                -0.6,
                -0.3,
                0
            ]
        },
        {
            "name": "v61",
            "position": [
                -0.3,
                -0.4,
                -1
            ]
        },
        {
            "name": "v62",
            "position": [
                0,
                -0.9,
                -0.1
            ]
        },
        {
            "name": "v63",
            "position": [
                -0.5,
                -0.6,
                -0.7
            ]
        },
        {
            "name": "e0",
            "smooth": false,
            "vertices": [
                "v0",
                "v6"
            ]
        },
        {
            "name": "e1",
            "smooth": false,
            "vertices": [
                "v0",
                "v7"
            ]
        },
        {
            "name": "e2",
            "smooth": false,
            "vertices": [
                "v1",
                "v7"
            ]
        },
        {
            "name": "e3",
            "smooth": false,
            "vertices": [
                "v2",
                "v3"
            ]
        },
        {
            "name": "e4",
            "smooth": false,
            "vertices": [
                "v2",
                "v5"
            ]
        },
        {
            "name": "e5",
            "smooth": false,
            "vertices": [
                "v3",
                "v7"
            ]
        },
        {
            "name": "e6",
            "smooth": false,
            "vertices": [
                "v4",
                "v7"
            ]
        },
        {
            "name": "e7",
            "smooth": false,
            "vertices": [
                "v5",
                "v6"
            ]
        },
        {
            "name": "e8",
            "smooth": false,
            "vertices": [
                "v5",
                "v7"
            ]
        },
        {
            "name": "e9",
            "smooth": false,
            "vertices": [
                "v8",
                "v14"
            ]
        },
        {
            "name": "e10",
            "smooth": false,
            "vertices": [
                "v8",
                "v15"
            ]
        },
        {
            "name": "e11",
            "smooth": false,
            "vertices": [
                "v9",
                "v15"
            ]
        },
        {
            "name": "e12",
            "smooth": false,
            "vertices": [
                "v10",
                "v11"
            ]
        },
        {
            "name": "e13",
            "smooth": false,
            "vertices": [
                "v10",
                "v13"
            ]
        },
        {
            "name": "e14",
            "smooth": false,
            "vertices": [
                "v11",
                "v15"
            ]
        },
        {
            "name": "e15",
            "smooth": false,
            "vertices": [
                "v12",
                "v15"
            ]
        },
        {
            "name": "e16",
            "smooth": false,
            "vertices": [
                "v13",
                "v14"
            ]
        },
        {
            "name": "e17",
            "smooth": false,
            "vertices": [
                "v13",
                "v15"
            ]
        },
        {
            "name": "e18",
            "smooth": false,
            "vertices": [
                "v16",
                "v22"
            ]
        },
        {
            "name": "e19",
            "smooth": false,
            "vertices": [
                "v16",
                "v23"
            ]
        },
        {
            "name": "e20",
            "smooth": false,
            "vertices": [
                "v17",
                "v23"
            ]
        },
        {
            "name": "e21",
            "smooth": false,
            "vertices": [
                "v18",
                "v19"
            ]
        },
        {
            "name": "e22",
            "smooth": false,
            "vertices": [
                "v18",
                "v21"
            ]
        },
        {
            "name": "e23",
            "smooth": false,
            "vertices": [
                "v19",
                "v23"
            ]
        },
        {
            "name": "e24",
            "smooth": false,
            "vertices": [
                "v20",
                "v23"
            ]
        },
        {
            "name": "e25",
            "smooth": false,
            "vertices": [
                "v21",
                "v22"
            ]
        },
        {
            "name": "e26",
            "smooth": false,
            "vertices": [
                "v21",
                "v23"
            ]
        },
        {
            "name": "e27",
            "smooth": false,
            "vertices": [
                "v24",
                "v30"
            ]
        },
        {
            "name": "e28",
            "smooth": false,
            "vertices": [
                "v24",
                "v31"
            ]
        },
        {
            "name": "e29",
            "smooth": false,
            "vertices": [
                "v25",
                "v31"
            ]
        },
        {
            "name": "e30",
            "smooth": false,
            "vertices": [
                "v26",
                "v27"
            ]
        },
        {
            "name": "e31",
            "smooth": false,
            "vertices": [
                "v26",
                "v29"
            ]
        },
        {
            "name": "e32",
            "smooth": false,
            "vertices": [
                "v27",
                "v31"
            ]
        },
        {
            "name": "e33",
            "smooth": false,
            "vertices": [
                "v28",
                "v31"
            ]
        },
        {
            "name": "e34",
            "smooth": false,
            "vertices": [
                "v29",
                "v30"
            ]
        },
        {
            "name": "e35",
            "smooth": false,
            "vertices": [
                "v29",
                "v31"
            ]
        },
        {
            "name": "e36",
            "smooth": false,
            "vertices": [
                "v32",
                "v38"
            ]
        },
        {
            "name": "e37",
            "smooth": false,
            "vertices": [
                "v32",
                "v39"
            ]
        },
        {
            "name": "e38",
            "smooth": false,
            "vertices": [
                "v33",
                "v39"
            ]
        },
        {
            "name": "e39",
            "smooth": false,
            "vertices": [
                "v34",
                "v35"
            ]
        },
        {
            "name": "e40",
            "smooth": false,
            "vertices": [
                "v34",
                "v37"
            ]
        },
        {
            "name": "e41",
            "smooth": false,
            "vertices": [
                "v35",
                "v39"
            ]
        },
        {
            "name": "e42",
            "smooth": false,
            "vertices": [
                "v36",
                "v39"
            ]
        },
        {
            "name": "e43",
            "smooth": false,
            "vertices": [
                "v37",
                "v38"
            ]
        },
        {
            "name": "e44",
            "smooth": false,
            "vertices": [
                "v37",
                "v39"
            ]
        },
        {
            "name": "e45",
            "smooth": false,
            "vertices": [
                "v40",
                "v46"
            ]
        },
        {
            "name": "e46",
            "smooth": false,
            "vertices": [
                "v40",
                "v47"
            ]
        },
        {
            "name": "e47",
            "smooth": false,
            "vertices": [
                "v41",
                "v47"
            ]
        },
        {
            "name": "e48",
            "smooth": false,
            "vertices": [
                "v42",
                "v43"
            ]
        },
        {
            "name": "e49",
            "smooth": false,
            "vertices": [
                "v42",
                "v45"
            ]
        },
        {
            "name": "e50",
            "smooth": false,
            "vertices": [
                "v43",
                "v47"
            ]
        },
        {
            "name": "e51",
            "smooth": false,
            "vertices": [
                "v44",
                "v47"
            ]
        },
        {
            "name": "e52",
            "smooth": false,
            "vertices": [
                "v45",
                "v46"
            ]
        },
        {
            "name": "e53",
            "smooth": false,
            "vertices": [
                "v45",
                "v47"
            ]
        },
        {
            "name": "e54",
            "smooth": false,
            "vertices": [
                "v48",
                "v54"
            ]
        },
        {
            "name": "e55",
            "smooth": false,
            "vertices": [
                "v48",
                "v55"
            ]
        },
        {
            "name": "e56",
            "smooth": false,
            "vertices": [
                "v49",
                "v55"
            ]
        },
        {
            "name": "e57",
            "smooth": false,
            "vertices": [
                "v50",
                "v51"
            ]
        },
        {
            "name": "e58",
            "smooth": false,
            "vertices": [
                "v50",
                "v53"
            ]
        },
        {
            "name": "e59",
            "smooth": false,
            "vertices": [
                "v51",
                "v55"
            ]
        },
        {
            "name": "e60",
            "smooth": false,
            "vertices": [
                "v52",
                "v55"
            ]
        },
        {
            "name": "e61",
            "smooth": false,
            "vertices": [
                "v53",
                "v54"
            ]
        },
        {
            "name": "e62",
            "smooth": false,
            "vertices": [
                "v53",
                "v55"
            ]
        },
        {
            "name": "e63",
            "smooth": false,
            "vertices": [
                "v56",
                "v62"
            ]
        },
        {
            "name": "e64",
            "smooth": false,
            "vertices": [
                "v56",
                "v63"
            ]
        },
        {
            "name": "e65",
            "smooth": false,
            "vertices": [
                "v57",
                "v63"
            ]
        },
        {
            "name": "e66",
            "smooth": false,
            "vertices": [
                "v58",
                "v59"
            ]
        },
        {
            "name": "e67",
            "smooth": false,
            "vertices": [
                "v58",
                "v61"
            ]
        },
        {
            "name": "e68",
            "smooth": false,
            "vertices": [
                "v59",
                "v63"
            ]
        },
        {
            "name": "e69",
            "smooth": false,
            "vertices": [
                "v60",
                "v63"
            ]
        },
        {
            "name": "e70",
            "smooth": false,
            "vertices": [
                "v61",
                "v62"
            ]
        },
        {
            "name": "e71",
            "smooth": false,
            "vertices": [
                "v61",
                "v63"
            ]
        }
    ]
}