{
    "operations": [
        {
            "name": "v0",
            "position": [
                0,
                0.2,
                0.0
            ]
        },
        {
            "name": "v1",
            "position": [
                1,
                0.5,
                0.6
            ]
        },
        {
            "name": "v2",
            "position": [
                0.6,
                0,
                0.3
            ]
        },
        {
            "name": "v3",
            "position": [
                0.6,
                1,
                0.6
            ]
        },
        {
            "name": "v4",
            "position": [
                0.2,
                0.2,
                0
            ]
        },
        {
            "name": "v5",
            "position": [
                0.7,
                0.8,
                1
            ]
        },
        {
            "name": "v6",
            "position": [
                0.3,
                0.2,
                0.8
            ]
        },
        {
            "name": "e0",
            "smooth": false,
            "vertices": [
                "v0",
                "v4"
            ]
        },
        {
            "name": "e1",
            "smooth": false,
            "vertices": [
                "v0",
                "v5"
            ]
        },
        {
            "name": "e2",
            "smooth": false,
            "vertices": [
                "v0",
                "v6"
            ]
        },
        {
            "name": "e3",
            "smooth": false,
            "vertices": [
                "v1",
                "v3"
            ]
        },
        {
            "name": "e4",
            "smooth": false,
            "vertices": [
                "v1",
                "v5"
            ]
        },
        {
            "name": "e5",
            "smooth": false,
            "vertices": [
                "v1",
                "v6"
            ]
        },
        {
            "name": "e6",
            "smooth": false,
            "vertices": [
                "v2",
                "v5"
            ]
        },
        {
            "name": "e7",
            "smooth": false,
            "vertices": [
                "v2",
                "v6"
            ]
        },
        {
            "name": "e8",
            "smooth": false,
            "vertices": [
                "v3",
                "v4"
            ]
        },
        {
            "name": "e9",
            "smooth": false,
            "vertices": [
                "v3",
                "v5"
            ]
        },
        {
            "name": "e10",
            "smooth": false,
            "vertices": [
                "v4",
                "v5"
            ]
        }
    ]
}