{
    "operations": [
        {
            "name": "v0",
            "position": [
                0,
                0.4,
                0.0
            ]
        },
        {
            "name": "v1",
            "position": [
                1,
                0.1,
                0.1
            ]
        },
        {
            "name": "v2",
            "position": [
                0.3,
                0,
                0.5
            ]
        },
        {
            "name": "v3",
            "position": [
                0.2,
                1,
                0.4
            ]
        },
        {
            "name": "v4",
            "position": [
                0.1,
                0.5,
                0
            ]
        },
        {
            "name": "v5",
            "position": [
                0.0,
                0.7,
                1
            ]
        },
        {
            "name": "v6",
            "position": [
                0,
                0.1,
                0.3
            ]
        },
        {
            "name": "v7",
            "position": [
                0.9,
                0.1,
                1
            ]
        },
        {
            "name": "v8",
            "position": [
                0.6,
                0,
                0.7
            ]
        },
        {
            "name": "v9",
            "position": [
                0.8,
                0.3,
                0
            ]
        },
        {
            "name": "v10",
            "position": [
                0.2,
                0.3,
                0.3
            ]
        },
        {
            "name": "e0",
            "smooth": false,
            "vertices": [
                "v0",
                "v2"
            ]
        },
        {
            "name": "e1",
            "smooth": false,
            "vertices": [
                "v1",
                "v4"
            ]
        },
        {
            "name": "e2",
            "smooth": false,
            "vertices": [
                "v1",
                "v5"
            ]
        },
        {
            "name": "e3",
            "smooth": false,
            "vertices": [
                "v1",
                "v7"
            ]
        },
        {
            "name": "e4",
            "smooth": false,
            "vertices": [
                "v1",
                "v8"
            ]
        },
        {
            "name": "e5",
            "smooth": false,
            "vertices": [
                "v1",
                "v9"
            ]
        },
        {
            "name": "e6",
            "smooth": false,
            "vertices": [
                "v2",
                "v3"
            ]
        },
        {
            "name": "e7",
            "smooth": false,
            "vertices": [
                "v2",
                "v5"
            ]
        },
        {
            "name": "e8",
            "smooth": false,
            "vertices": [
                "v2",
                "v6"
            ]
        },
        {
            "name": "e9",
            "smooth": false,
            "vertices": [
                "v2",
                "v10"
            ]
        },
        {
            "name": "e10",
            "smooth": false,
            "vertices": [
                "v3",
                "v5"
            ]
        },
        {
            "name": "e11",
            "smooth": false,
            "vertices": [
                "v3",
                "v6"
            ]
        },
        {
            "name": "e12",
            "smooth": false,
            "vertices": [
                "v3",
                "v10"
            ]
        },
        {
            "name": "e13",
            "smooth": false,
            "vertices": [
                "v4",
                "v8"
            ]
        },
        {
            "name": "e14",
            "smooth": false,
            "vertices": [
                "v4",
                "v9"
            ]
        },
        {
            "name": "e15",
            "smooth": false,
            "vertices": [
                "v5",
                "v6"
            ]
        },
        {
            "name": "e16",
            "smooth": false,
            "vertices": [
                "v5",
                "v10"
            ]
        },
        {
            "name": "e17",
            "smooth": false,
            "vertices": [
                "v6",
                "v8"
            ]
        },
        {
            "name": "e18",
            "smooth": false,
            "vertices": [
                "v7",
                "v9"
            ]
        }
    ]
}